Name,Type,Details,Price,EMI,Discount,Location
2013 Nissan Sunny,XV DIESEL Manual,"165,352 km1st OwnerDiesel","₹423,099","₹9,412/month"," ₹23,000 OFF",Hyderabad
2014 Honda City,V MT PETROL Manual,"40,798 km1st OwnerPetrol","₹557,399","₹12,399/month"," ₹30,000 OFF",Hyderabad
2017 Hyundai Elite i20,ASTA 1.2 DUAL TONE Manual,"63,730 km1st OwnerPetrol","₹658,599","₹14,650/month"," ₹10,000 OFF",Hyderabad
2017 Honda Jazz,VX  1.2 Manual,"75,366 km2nd OwnerPetrol","₹574,199","₹12,773/month"," ₹31,000 OFF",Hyderabad
2017 Maruti Baleno,DELTA 1.2 K12 Manual,"44,103 km1st OwnerPetrol","₹551,399","₹12,266/month"," ₹14,000 OFF",Hyderabad
,,,,,,Hyderabad
,,,,,,Hyderabad
2019 Renault Kwid,1.0 RXT Opt Manual,"31,559 km1st OwnerPetrol","₹407,599","₹9,067/month"," ₹27,000 OFF",Hyderabad
2012 Maruti Ritz,VXI ABS Manual,"116,534 km2nd OwnerPetrol","₹315,499","₹7,018/month"," ₹24,000 OFF",Hyderabad
2019 Maruti Vitara Brezza,ZDI PLUS DUAL TONE Manual,"47,557 km1st OwnerDiesel","₹1,018,499","₹22,656/month"," ₹36,000 OFF",Hyderabad
2018 Hyundai NEW SANTRO,1.1 MAGNA MT Manual,"22,525 km1st OwnerPetrol","₹450,599","₹10,023/month"," ₹20,000 OFF",Hyderabad
2019 Hyundai NEW SANTRO,SPORTZ 1.1 Manual,"6,196 km2nd OwnerPetrol","₹504,399","₹11,220/month"," ₹16,000 OFF",Hyderabad
2019 Maruti Eeco,5 STR WITH AC PLUSHTR Manual,"9,338 km2nd OwnerPetrol","₹456,199","₹10,148/month"," ₹20,000 OFF",Hyderabad
2014 Honda Amaze,1.2 SMT I VTEC Manual,"55,562 km1st OwnerPetrol","₹436,699","₹9,714/month"," ₹18,000 OFF",Hyderabad
2017 Volkswagen Polo,HIGHLINE1.5L DIESEL Manual,"38,926 km1st OwnerDiesel","₹618,599","₹13,760/month"," ₹33,000 OFF",Hyderabad
2015 Maruti Alto 800,VXI Manual,"47,374 km1st OwnerPetrol","₹257,799","₹5,735/month"," ₹36,000 OFF",Hyderabad
2016 Hyundai Verna,FLUIDIC 1.6 SX VTVT OPT Manual,"83,328 km1st OwnerPetrol","₹652,299","₹14,510/month"," ₹5,000 OFF",Hyderabad
2016 Maruti Vitara Brezza,VDI Manual,"153,631 km1st OwnerDiesel","₹654,499","₹14,559/month"," ₹35,000 OFF",Hyderabad
2016 Hyundai Elite i20,Sportz 1.2 VTVT MT ,"24,365 km1st OwnerPetrol","₹620,199","₹13,796/month"," ₹32,000 OFF",Hyderabad
2019 Hyundai GRAND I10 NIOS,Asta Petrol Manual,"33,518 km1st OwnerPetrol","₹655,899","₹14,590/month"," ₹5,000 OFF",Hyderabad
2019 Toyota Innova Crysta,2.4 GX 8 STR Manual,"187,298 km1st OwnerDiesel","₹1,465,799","₹32,606/month"," ₹50,000 OFF",Hyderabad
2019 Maruti Dzire,VXI Manual,"3,919 km1st OwnerPetrol","₹671,299","₹14,933/month"," ₹7,000 OFF",Hyderabad
2013 Hyundai Verna,FLUIDIC 1.6 SX CRDI OPT Manual,"53,517 km1st OwnerDiesel","₹482,299","₹10,728/month"," ₹42,000 OFF",New Delhi
2017 Toyota Innova Crysta,Touring Sport Diesel AT Automatic,"85,295 km1st OwnerDiesel","₹1,499,499","₹33,356/month"," ₹50,000 OFF",New Delhi
2016 Maruti Baleno,ALPHA DDIS 190 Manual,"63,654 km1st OwnerDiesel","₹572,599","₹12,737/month"," ₹31,000 OFF",New Delhi
2015 Maruti Swift,VDI ABS Manual,"37,925 km1st OwnerDiesel","₹405,199","₹9,013/month"," ₹30,000 OFF",New Delhi
2016 Honda Amaze,1.2 SMT I VTEC Manual,"66,399 km2nd OwnerPetrol + CNG","₹482,099","₹10,724/month"," ₹26,000 OFF",New Delhi
,,,,,,New Delhi
,,,,,,New Delhi
2014 Ford Ecosport,1.5TITANIUM TDCI Manual,"127,254 km1st OwnerDiesel","₹474,799","₹10,562/month"," ₹25,000 OFF",New Delhi
2017 Ford New Figo,1.5 TITANIUM Manual,"41,678 km2nd OwnerDiesel","₹482,799","₹10,740/month"," ₹26,000 OFF",New Delhi
2020 Maruti New  Wagon-R,LXI 1.0 L Manual,"6,879 km1st OwnerPetrol","₹490,799","₹10,918/month"," ₹28,000 OFF",New Delhi
2016 Maruti Vitara Brezza,ZDI Manual,"70,555 km2nd OwnerDiesel","₹635,399","₹14,134/month"," ₹50,000 OFF",New Delhi
2019 Hyundai GRAND I10 NIOS,Asta Petrol ,"3,747 km1st OwnerPetrol","₹622,699","₹13,852/month"," ₹28,000 OFF",New Delhi
2016 Hyundai Creta,1.6 SX PLUS DIESEL Manual,"95,195 km1st OwnerDiesel","₹862,499","₹19,186/month"," ₹41,000 OFF",New Delhi
2018 Datsun Redi Go,1.0 S AT ,"21,607 km1st OwnerPetrol","₹340,399","₹7,572/month"," ₹29,000 OFF",New Delhi
2018 Ford Ecosport,1.5TITANIUM TDCI Manual,"21,169 km1st OwnerDiesel","₹867,799","₹19,304/month"," ₹27,000 OFF",New Delhi
2013 Maruti Swift Dzire,LDI BS IV Manual,"49,944 km2nd OwnerDiesel","₹354,299","₹7,881/month"," ₹26,000 OFF",New Delhi
2017 Tata Tiago,XT 1.2 REVOTRON Manual,"80,573 km1st OwnerPetrol","₹459,599","₹10,224/month"," ₹25,000 OFF",New Delhi
2014 Ford Ecosport,1.5TITANIUM TDCI Manual,"62,254 km1st OwnerDiesel","₹540,099","₹12,014/month"," ₹29,000 OFF",New Delhi
2017 Maruti Vitara Brezza,VDI OPT Manual,"34,749 km1st OwnerDiesel","₹834,399","₹18,561/month"," ₹5,000 OFF",New Delhi
2017 Maruti Vitara Brezza,VDI OPT Manual,"83,741 km1st OwnerDiesel","₹703,399","₹15,647/month"," ₹5,000 OFF",New Delhi
2018 Maruti Vitara Brezza,VDI OPT Manual,"71,192 km1st OwnerDiesel","₹720,399","₹16,025/month"," ₹38,000 OFF",New Delhi
2018 Maruti Vitara Brezza,ZDI Manual,"54,687 km1st OwnerDiesel","₹754,299","₹16,779/month"," ₹40,000 OFF",New Delhi
2014 Toyota Innova,2.5 ZX 7 STR BS IV Manual,"60,580 km2nd OwnerDiesel","₹1,349,699","₹30,023/month"," ₹50,000 OFF",Bengaluru
2014 Honda Mobilio,1.5 V OPT. I VTEC Manual,"70,926 km1st OwnerPetrol","₹567,799","₹12,630/month"," ₹31,000 OFF",Bengaluru
2012 Maruti Swift Dzire,VDI BS IV Manual,"97,180 km1st OwnerDiesel","₹509,499","₹11,334/month"," ₹9,000 OFF",Bengaluru
2019 Hyundai Elite i20,1.2 SPORTS PLUS VTVT CVT Automatic,890 km1st OwnerPetrol,"₹881,699","₹19,613/month"," ₹5,000 OFF",Bengaluru
2017 Maruti Eeco,5 STR WITH AC PLUSHTR Manual,"38,596 km1st OwnerPetrol","₹398,499","₹8,864/month"," ₹34,000 OFF",Bengaluru
,,,,,,Bengaluru
,,,,,,Bengaluru
2017 Honda City,V MT PETROL Manual,"27,403 km2nd OwnerPetrol","₹858,799","₹19,104/month"," ₹50,000 OFF",Bengaluru
2016 Volkswagen Polo,GT TSI 1.2 PETROL AT Automatic,"17,717 km2nd OwnerPetrol","₹694,399","₹15,447/month"," ₹13,000 OFF",Bengaluru
2014 Hyundai Xcent,SX AT 1.2 OPT Automatic,"52,819 km1st OwnerPetrol","₹516,199","₹11,483/month"," ₹23,000 OFF",Bengaluru
2014 Hyundai Xcent,S 1.2 Manual,"38,002 km1st OwnerPetrol","₹482,999","₹10,744/month"," ₹32,000 OFF",Bengaluru
2018 Maruti Eeco,5 STR WITH AC PLUSHTR Manual,"32,068 km1st OwnerPetrol","₹387,999","₹8,631/month"," ₹21,000 OFF",Bengaluru
2014 Maruti Wagon R 1.0,VXI Manual,"45,572 km1st OwnerPetrol","₹439,699","₹9,781/month"," ₹24,000 OFF",Bengaluru
2018 Ford FREESTYLE,TITANIUM + 1.2 TI-VCT Manual,"35,175 km1st OwnerPetrol","₹616,299","₹13,709/month"," ₹33,000 OFF",Bengaluru
2016 Maruti Baleno,DELTA 1.2 K12 Manual,"50,083 km1st OwnerPetrol","₹688,599","₹15,318/month"," ₹5,000 OFF",Bengaluru
2018 Ford FREESTYLE,TITANIUM 1.2 TI-VCT MT Manual,"17,410 km2nd OwnerPetrol","₹628,099","₹13,972/month"," ₹31,000 OFF",Bengaluru
2017 Volkswagen Polo,COMFORTLINE 1.2L PETROL Manual,"38,489 km2nd OwnerPetrol","₹686,599","₹15,273/month"," ₹37,000 OFF",Bengaluru
2013 Volkswagen Polo,GT TSI 1.2 PETROL AT Automatic,"26,663 km3rd OwnerPetrol","₹664,599","₹14,784/month"," ₹35,000 OFF",Bengaluru
2014 Maruti Ritz,VXI BS IV Manual,"56,793 km1st OwnerPetrol","₹404,699","₹9,002/month"," ₹22,000 OFF",Bengaluru
2016 Maruti Baleno,ZETA 1.2 K12 Manual,"65,255 km1st OwnerPetrol","₹615,899","₹13,700/month"," ₹50,000 OFF",Bengaluru
2013 Hyundai Verna,FLUIDIC 1.6 SX VTVT Manual,"51,391 km3rd OwnerPetrol","₹589,299","₹13,109/month"," ₹31,000 OFF",Bengaluru
2016 Maruti Baleno,DELTA 1.2 K12 Manual,"33,724 km1st OwnerPetrol","₹615,799","₹13,698/month"," ₹33,000 OFF",Bengaluru
2018 Maruti Baleno,DELTA 1.2 K12 Manual,"29,487 km1st OwnerPetrol","₹589,499","₹13,113/month"," ₹31,000 OFF",Hyderabad
2017 Honda Jazz,1.2 V AT Automatic,"64,497 km2nd OwnerPetrol","₹633,799","₹14,099/month"," ₹25,000 OFF",Hyderabad
2017 Maruti Baleno,ZETA 1.2 K12 Manual,"63,831 km1st OwnerPetrol","₹614,599","₹13,671/month"," ₹33,000 OFF",Hyderabad
2018 Maruti Swift,ZXI AMT Automatic,"18,581 km1st OwnerPetrol","₹662,099","₹14,728/month"," ₹18,000 OFF",Hyderabad
2017 Maruti Swift Dzire,VDI OPT Manual,"19,935 km1st OwnerDiesel","₹668,199","₹14,864/month"," ₹16,000 OFF",Hyderabad
,,,,,,Hyderabad
,,,,,,Hyderabad
2015 Maruti Celerio,ZXI OPT Manual,"45,509 km2nd OwnerPetrol","₹368,399","₹8,195/month"," ₹20,000 OFF",Hyderabad
2018 Maruti IGNIS,DELTA 1.2 K12 Manual,"37,009 km1st OwnerPetrol","₹501,899","₹11,164/month"," ₹5,000 OFF",Hyderabad
2016 Hyundai Grand i10,MAGNA 1.2 VTVT Manual,"63,674 km1st OwnerPetrol","₹427,999","₹9,521/month"," ₹37,000 OFF",Hyderabad
2019 Maruti S PRESSO,VXI PLUS Manual,"29,101 km1st OwnerPetrol","₹463,099","₹10,301/month"," ₹19,000 OFF",Hyderabad
2019 Hyundai NEW SANTRO,1.1 SPORTS AMT Manual,"24,806 km1st OwnerPetrol","₹537,399","₹11,954/month"," ₹13,000 OFF",Hyderabad
2018 Maruti Vitara Brezza,ZDI AMT Automatic,"88,052 km2nd OwnerDiesel","₹840,999","₹18,708/month"," ₹13,000 OFF",Hyderabad
2015 Hyundai Grand i10,SPORTS 1.2 VTVT Manual,"33,165 km1st OwnerPetrol","₹428,999","₹9,543/month"," ₹23,000 OFF",Hyderabad
2015 Maruti Alto K10,VXI Manual,"33,751 km1st OwnerPetrol","₹282,099","₹6,275/month"," ₹15,000 OFF",Hyderabad
2017 Maruti Alto 800,LXI Manual,"35,080 km1st OwnerPetrol","₹303,299","₹6,747/month"," ₹16,000 OFF",Hyderabad
2010 Hyundai i10,MAGNA 1.2 Manual,"24,013 km1st OwnerPetrol","₹303,499","₹6,751/month"," ₹16,000 OFF",Hyderabad
2019 Maruti Eeco,5 STR WITH AC PLUSHTR Manual,"11,900 km1st OwnerPetrol","₹442,099","₹9,834/month"," ₹18,000 OFF",Hyderabad
2017 Maruti Swift,VXI OPT Manual,"29,996 km2nd OwnerPetrol","₹510,299","₹11,351/month"," ₹35,000 OFF",Hyderabad
2016 Hyundai i20 Active,1.4 SX Manual,"57,997 km1st OwnerDiesel","₹660,699","₹14,697/month",,Hyderabad
2016 Ford Ecosport,1.5 TREND TI VCT Manual,"44,941 km1st OwnerPetrol","₹582,499","₹12,957/month"," ₹5,000 OFF",Hyderabad
2017 Maruti Alto 800,LXI OPT Manual,"20,768 km1st OwnerPetrol","₹305,899","₹6,805/month"," ₹10,000 OFF",Hyderabad
2018 Ford Ecosport,1.5 TITANIUM PLUS TI VCT AT Manual,"18,130 km1st OwnerPetrol","₹850,199","₹18,912/month"," ₹12,000 OFF",Hyderabad
2019 Hyundai GRAND I10 NIOS,SPORTZ 1.2 AT Automatic,"4,318 km1st OwnerPetrol","₹665,099","₹14,795/month"," ₹5,000 OFF",Hyderabad
2020 Maruti Baleno,ALPHA 1.2 K12 Manual,"28,752 km1st OwnerPetrol","₹746,499","₹16,605/month"," ₹16,000 OFF",Hyderabad
2018 Hyundai Elite i20,ASTA 1.2 Manual,"87,805 km1st OwnerPetrol","₹672,599","₹14,962/month"," ₹36,000 OFF",Hyderabad
2016 Hyundai Grand i10,MAGNA 1.2 KAPPA VTVT Manual,"7,894 km1st OwnerPetrol","₹461,999","₹10,277/month"," ₹24,000 OFF",Hyderabad
,,,,,,Hyderabad
,,,,,,Hyderabad
2019 Hyundai NEW SANTRO,1.1 SPORTS MT CNG ,"36,126 km1st OwnerPetrol + CNG","₹476,399","₹10,597/month"," ₹5,000 OFF",Hyderabad
2015 Hyundai Grand i10,SPORTS 1.2 VTVT Manual,"34,590 km2nd OwnerPetrol","₹431,199","₹9,592/month"," ₹24,000 OFF",Hyderabad
2015 Maruti Alto K10,VXI Manual,"30,557 km1st OwnerPetrol","₹280,099","₹6,231/month"," ₹15,000 OFF",Hyderabad
2015 Maruti Swift,VDI ABS Manual,"53,260 km1st OwnerDiesel","₹598,999","₹13,324/month"," ₹32,000 OFF",New Delhi
2015 Maruti Swift,VDI ABS Manual,"76,264 km1st OwnerDiesel","₹455,299","₹10,128/month"," ₹24,000 OFF",New Delhi
2012 Maruti Swift Dzire,VDI BS IV Manual,"54,918 km1st OwnerDiesel","₹455,499","₹10,132/month"," ₹15,000 OFF",New Delhi
2015 Maruti Swift,VDI ABS Manual,"104,005 km1st OwnerDiesel","₹404,899","₹9,007/month"," ₹22,000 OFF",New Delhi
2014 Maruti Swift,VDI Manual,"41,996 km1st OwnerDiesel","₹412,299","₹9,171/month"," ₹27,000 OFF",New Delhi
,,,,,,New Delhi
,,,,,,New Delhi
2017 Maruti Alto 800,LXI Manual,"63,567 km1st OwnerPetrol","₹349,399","₹7,772/month"," ₹19,000 OFF",New Delhi
2014 Maruti Swift,VDI Manual,"102,773 km1st OwnerDiesel","₹430,299","₹9,572/month"," ₹17,000 OFF",New Delhi
2019 Maruti Alto K10,VXI Manual,"8,574 km1st OwnerPetrol","₹414,799","₹9,227/month"," ₹22,000 OFF",New Delhi
2017 Ford Ecosport,1.5 TITANIUM TI VCT AT Automatic,"40,139 km1st OwnerPetrol","₹669,799","₹14,899/month"," ₹5,000 OFF",New Delhi
2019 Maruti Alto 800,VXI Manual,"10,316 km1st OwnerPetrol","₹378,699","₹8,424/month"," ₹20,000 OFF",New Delhi
2015 Honda Amaze,1.2 SMT I VTEC Manual,"62,462 km1st OwnerPetrol","₹489,699","₹10,893/month"," ₹23,000 OFF",New Delhi
2015 Maruti Swift,VDI ABS Manual,"56,552 km1st OwnerDiesel","₹468,599","₹10,424/month"," ₹37,000 OFF",New Delhi
2011 Hyundai i20,MAGNA O 1.2 Manual,"44,007 km1st OwnerPetrol","₹258,999","₹5,761/month"," ₹5,000 OFF",New Delhi
2011 Hyundai i10,ERA 1.1 IRDE Manual,"55,623 km1st OwnerPetrol","₹188,799","₹4,200/month"," ₹5,000 OFF",New Delhi
2016 Hyundai Grand i10,MAGNA 1.2 KAPPA VTVT Manual,"26,951 km1st OwnerPetrol","₹415,399","₹9,240/month"," ₹5,000 OFF",New Delhi
2009 Maruti Wagon R,LXI MINOR Manual,"36,035 km1st OwnerPetrol","₹148,199","₹3,297/month"," ₹8,000 OFF",New Delhi
2020 KIA SELTOS,HTK 1.5 PETROL Manual,"5,822 km2nd OwnerPetrol","₹1,136,999","₹25,292/month"," ₹34,000 OFF",New Delhi
2020 Maruti Alto,LXI Manual,"19,593 km1st OwnerPetrol + CNG","₹354,799","₹7,892/month",,New Delhi
2016 Volkswagen Vento,COMFORTLINE MT PETROL Manual,"19,369 km1st OwnerPetrol","₹573,799","₹12,764/month"," ₹8,000 OFF",New Delhi
2009 Maruti Alto,LXI Manual,"119,227 km1st OwnerPetrol","₹126,399","₹2,812/month"," ₹5,000 OFF",New Delhi
2014 Ssangyong Rexton,RX 6 Manual,"45,187 km2nd OwnerDiesel","₹648,399","₹14,423/month"," ₹35,000 OFF",New Delhi
2013 Hyundai Eon,D LITE PLUS Manual,"106,269 km1st OwnerPetrol","₹193,699","₹4,309/month"," ₹11,000 OFF",New Delhi
2015 Maruti Swift Dzire,VXI 1.2 BS IV Manual,"61,732 km1st OwnerPetrol","₹476,699","₹10,604/month"," ₹5,000 OFF",New Delhi
2014 Toyota Innova,2.5 GX 7 STR BS IV Manual,"86,859 km1st OwnerDiesel","₹708,499","₹15,760/month"," ₹38,000 OFF",New Delhi
2020 Hyundai Verna,S PETROL MT Manual,"19,158 km1st OwnerPetrol","₹886,899","₹19,729/month"," ₹47,000 OFF",New Delhi
,,,,,,New Delhi
,,,,,,New Delhi
2017 Maruti Wagon R 1.0,VXI Manual,"4,956 km1st OwnerPetrol","₹389,199","₹8,658/month"," ₹21,000 OFF",New Delhi
2016 Maruti Vitara Brezza,VDI OPT Manual,"41,629 km1st OwnerDiesel","₹784,299","₹17,446/month"," ₹5,000 OFF",New Delhi
2015 BMW 3 Series,320D Automatic,"33,958 km2nd OwnerDiesel","₹1,842,699","₹40,990/month"," ₹5,000 OFF",New Delhi
2019 Honda Civic,VX CVT i-VTEC Automatic,"15,416 km1st OwnerPetrol","₹1,520,999","₹33,834/month"," ₹5,000 OFF",New Delhi
2018 Maruti Baleno,ZETA 1.2 K12 Manual,"37,284 km1st OwnerPetrol","₹609,999","₹13,569/month"," ₹33,000 OFF",New Delhi
2018 Tata Tiago,XZ 1.2 REVOTRON Manual,"25,562 km1st OwnerPetrol","₹480,999","₹10,700/month"," ₹36,000 OFF",New Delhi
2018 Maruti Vitara Brezza,ZDI + AMT Automatic,"28,144 km1st OwnerDiesel","₹913,699","₹20,325/month"," ₹42,000 OFF",New Delhi
2017 Hyundai Elite i20,SPORTZ 1.2 Manual,"64,918 km1st OwnerPetrol","₹503,999","₹11,211/month"," ₹41,000 OFF",New Delhi
2015 Renault Kwid,RXT Manual,"39,525 km1st OwnerPetrol + CNG","₹263,799","₹5,868/month"," ₹14,000 OFF",New Delhi
2019 Maruti XL6,ALPHA SHVS  MT Manual,"11,659 km1st OwnerPetrol","₹978,999","₹21,777/month"," ₹18,000 OFF",New Delhi
2015 Hyundai Creta,1.6 S Manual,"22,587 km1st OwnerPetrol","₹802,599","₹17,853/month"," ₹50,000 OFF",New Delhi
2018 Hyundai Creta,1.6 E + VTVT Manual,"39,294 km2nd OwnerPetrol","₹898,799","₹19,993/month"," ₹50,000 OFF",New Delhi
2019 Maruti Baleno,DELTA 1.2 K12 Manual,"20,976 km1st OwnerPetrol","₹691,199","₹15,375/month"," ₹50,000 OFF",New Delhi
2017 Volkswagen Ameo,TRENDLINE 1.2 Manual,"40,293 km2nd OwnerPetrol","₹517,799","₹11,518/month"," ₹28,000 OFF",New Delhi
2018 Hyundai Creta,1.4 E PLUS CRDI ,"32,387 km1st OwnerDiesel","₹895,399","₹19,918/month"," ₹48,000 OFF",New Delhi
2017 Ford Figo Aspire,1.2 TITANIUM PETROL Manual,"41,186 km1st OwnerPetrol","₹460,199","₹10,237/month"," ₹5,000 OFF",New Delhi
2019 Hyundai VENUE,1.0 TURBO GDI SX+ AT Automatic,"7,676 km1st OwnerPetrol","₹995,499","₹22,144/month"," ₹5,000 OFF",New Delhi
2014 Hyundai Elite i20,ASTA 1.4 CRDI Manual,"66,741 km1st OwnerDiesel","₹427,999","₹9,521/month"," ₹23,000 OFF",New Delhi
2016 Maruti Ciaz,VXI OPT Manual,"76,459 km2nd OwnerPetrol","₹547,499","₹12,179/month"," ₹29,000 OFF",New Delhi
2016 Hyundai Elite i20,1.4 CRDI ASTA (O) Manual,"78,560 km1st OwnerDiesel","₹515,500","₹11,467/month",,New Delhi
,,,,,,New Delhi
,,,,,,New Delhi
2017 Maruti Ciaz,VXI Manual,"55,212 km1st OwnerPetrol","₹583,799","₹12,986/month"," ₹31,000 OFF",New Delhi
2017 Ford Figo Aspire,1.2 TITANIUM PETROL Manual,"31,724 km1st OwnerPetrol","₹451,799","₹10,050/month"," ₹24,000 OFF",New Delhi
2018 Maruti Vitara Brezza,VDI Manual,"61,718 km1st OwnerDiesel","₹650,599","₹14,472/month"," ₹50,000 OFF",New Delhi
2016 Maruti Vitara Brezza,ZDI Manual,"21,675 km1st OwnerDiesel","₹717,099","₹15,951/month"," ₹47,000 OFF",New Delhi
2016 Mercedes Benz E Class,E200 CGI EDITION E Manual,"19,041 km2nd OwnerPetrol","₹2,322,099","₹51,654/month"," ₹5,000 OFF",New Delhi
2016 Maruti Vitara Brezza,ZDI Manual,"105,991 km1st OwnerDiesel","₹633,799","₹14,099/month"," ₹34,000 OFF",New Delhi
2017 Maruti IGNIS,ALPHA 1.2 K12 Manual,"34,135 km1st OwnerPetrol","₹503,799","₹11,207/month"," ₹27,000 OFF",New Delhi
2019 Maruti Ciaz,DELTA 1.5 SHVS VVT MT Manual,"7,620 km2nd OwnerPetrol","₹825,299","₹18,358/month"," ₹20,000 OFF",New Delhi
2017 Hyundai Grand i10,MAGNA 1.2 KAPPA VTVT Manual,"64,350 km1st OwnerPetrol","₹452,299","₹10,061/month"," ₹24,000 OFF",New Delhi
2020 MG HECTOR,SHARP HYBIRD PETROL MT Manual,"3,094 km1st OwnerPetrol","₹1,704,999","₹37,927/month"," ₹50,000 OFF",New Delhi
2018 Maruti Vitara Brezza,VDI Manual,"82,601 km1st OwnerDiesel","₹636,299","₹14,154/month"," ₹34,000 OFF",New Delhi
2018 Maruti Swift,VXI Manual,"24,793 km1st OwnerPetrol","₹515,899","₹11,476/month"," ₹28,000 OFF",New Delhi
2020 Honda City,ZX CVT Automatic,"10,322 km1st OwnerPetrol","₹1,271,199","₹28,277/month"," ₹25,000 OFF",New Delhi
2015 Audi Q3,35 TDI Quattro Automatic,"67,720 km3rd OwnerDiesel","₹1,560,499","₹34,712/month"," ₹5,000 OFF",New Delhi
2018 Maruti Vitara Brezza,VDI OPT Manual,"60,395 km1st OwnerDiesel","₹683,399","₹15,202/month"," ₹37,000 OFF",New Delhi
2017 Skoda Superb,1.8 TSI LK AT Automatic,"19,965 km1st OwnerPetrol","₹2,022,899","₹44,998/month"," ₹23,000 OFF",New Delhi
2018 Maruti Vitara Brezza,VDI OPT Manual,"36,116 km1st OwnerDiesel","₹686,499","₹15,271/month"," ₹5,000 OFF",New Delhi
2019 Maruti Baleno,DELTA 1.2 K12 Manual,"21,930 km1st OwnerPetrol","₹601,799","₹13,387/month"," ₹5,000 OFF",New Delhi
2019 Maruti Vitara Brezza,VDI Manual,"28,137 km1st OwnerDiesel","₹792,999","₹17,640/month"," ₹34,000 OFF",New Delhi
2018 Maruti Vitara Brezza,ZDI AMT Automatic,"43,568 km2nd OwnerDiesel","₹776,099","₹17,264/month"," ₹50,000 OFF",New Delhi
,,,,,,New Delhi
,,,,,,New Delhi
2018 Maruti Eeco,7 STR Manual,"18,876 km2nd OwnerPetrol","₹340,699","₹7,579/month"," ₹18,000 OFF",New Delhi
2012 Maruti Swift,VDI Manual,"31,084 km1st OwnerDiesel","₹314,499","₹6,996/month"," ₹17,000 OFF",New Delhi
2017 Maruti Baleno,DELTA 1.2 K12 Manual,"20,990 km1st OwnerPetrol","₹605,699","₹13,473/month"," ₹50,000 OFF",New Delhi
2018 Maruti Eeco,5 STR CNG WITH AC PLUSHTR Manual,"36,507 km1st OwnerPetrol + CNG","₹343,699","₹7,645/month"," ₹19,000 OFF",New Delhi
2017 Maruti Alto 800,LXI Manual,"27,919 km2nd OwnerPetrol","₹288,799","₹6,424/month"," ₹16,000 OFF",New Delhi
2018 Maruti Alto 800,LXI Manual,"12,083 km1st OwnerPetrol","₹311,299","₹6,925/month"," ₹10,000 OFF",New Delhi
2017 Maruti Alto 800,LXI Manual,"2,335 km1st OwnerPetrol","₹311,999","₹6,940/month"," ₹17,000 OFF",New Delhi
2012 Maruti Alto 800,LXI Manual,"28,151 km1st OwnerPetrol","₹198,599","₹4,418/month"," ₹11,000 OFF",New Delhi
2016 Renault Kwid,1.0 RXT Opt Manual,"48,419 km1st OwnerPetrol","₹215,000","₹4,783/month",,New Delhi
2016 Maruti Alto K10,VXI Manual,"45,336 km1st OwnerPetrol","₹287,899","₹6,404/month"," ₹16,000 OFF",New Delhi
2019 Maruti Alto,VXI Manual,"13,299 km1st OwnerPetrol","₹355,499","₹7,908/month"," ₹26,000 OFF",New Delhi
2018 Maruti Alto 800,LXI Manual,"35,216 km2nd OwnerPetrol + CNG","₹283,699","₹6,311/month"," ₹5,000 OFF",New Delhi
2018 Hyundai Elite i20,Magna Executive 1.2 Manual,"23,758 km1st OwnerPetrol","₹556,799","₹12,386/month"," ₹5,000 OFF",New Delhi
2017 Maruti Wagon R 1.0,LXI Manual,"24,743 km2nd OwnerPetrol","₹341,199","₹7,590/month"," ₹5,000 OFF",New Delhi
2017 Hyundai Grand i10,SPORTZ 1.2 KAPPA VTVT Manual,"30,615 km1st OwnerPetrol","₹408,899","₹9,096/month"," ₹5,000 OFF",New Delhi
2017 Maruti Swift,VDI ABS Manual,"69,894 km1st OwnerDiesel","₹474,699","₹10,559/month"," ₹25,000 OFF",New Delhi
2014 Maruti Swift,VDI Manual,"71,450 km2nd OwnerDiesel","₹330,599","₹7,354/month"," ₹18,000 OFF",New Delhi
2019 Maruti Vitara Brezza,VDI Manual,"31,245 km1st OwnerDiesel","₹789,499","₹17,562/month"," ₹50,000 OFF",New Delhi
2016 Maruti Vitara Brezza,ZDI Manual,"92,569 km1st OwnerDiesel","₹669,099","₹14,884/month"," ₹9,000 OFF",New Delhi
2017 Maruti Swift,VXI Manual,"25,626 km1st OwnerPetrol","₹538,699","₹11,983/month"," ₹47,000 OFF",New Delhi
,,,,,,New Delhi
,,,,,,New Delhi
2019 Maruti Dzire,VDI Manual,"26,352 km1st OwnerDiesel","₹629,899","₹14,012/month"," ₹11,000 OFF",New Delhi
2017 Skoda Rapid,1.5 TDI AT STYLE PLUS Automatic,"138,467 km1st OwnerDiesel","₹599,099","₹13,327/month"," ₹48,000 OFF",New Delhi
2018 Maruti Vitara Brezza,VDI Manual,"34,119 km1st OwnerDiesel","₹699,499","₹15,560/month"," ₹13,000 OFF",New Delhi
2018 Hyundai Grand i10,MAGNA 1.2 VTVT Manual,"16,558 km1st OwnerPetrol","₹483,399","₹10,753/month"," ₹25,000 OFF",New Delhi
2016 Volkswagen Polo,COMFORTLINE 1.2L PETROL Manual,"35,519 km1st OwnerPetrol","₹626,399","₹13,934/month"," ₹33,000 OFF",Bengaluru
2017 Honda City,VX MT PETROL Manual,"39,964 km2nd OwnerPetrol","₹836,799","₹18,614/month"," ₹44,000 OFF",Bengaluru
2014 Maruti Ertiga,ZDI Manual,"136,879 km1st OwnerDiesel","₹677,499","₹15,071/month"," ₹36,000 OFF",Bengaluru
2016 Hyundai Elite i20,ASTA 1.4 CRDI Manual,"43,221 km2nd OwnerDiesel","₹717,299","₹15,956/month"," ₹38,000 OFF",Bengaluru
2016 Hyundai Creta,1.6 SX CRDI ,"113,574 km1st OwnerDiesel","₹884,999","₹19,686/month"," ₹50,000 OFF",Bengaluru
,,,,,,Bengaluru
,,,,,,Bengaluru
2013 Ford Ecosport,1.5 TITANIUM TI VCT Manual,"38,034 km1st OwnerPetrol","₹624,899","₹13,901/month"," ₹50,000 OFF",Bengaluru
2016 Hyundai Elite i20,ASTA 1.2 (O) Manual,"38,686 km2nd OwnerPetrol","₹672,999","₹14,970/month"," ₹36,000 OFF",Bengaluru
2017 Volkswagen Polo,GT TSI 1.2 PETROL AT Automatic,"41,866 km1st OwnerPetrol","₹815,199","₹18,134/month"," ₹50,000 OFF",Bengaluru
2014 Maruti Swift Dzire,VDI BS IV Manual,"79,550 km2nd OwnerDiesel","₹541,599","₹12,048/month"," ₹12,000 OFF",Bengaluru
2016 Hyundai Elite i20,SPORTZ 1.2 Manual,"53,103 km1st OwnerPetrol","₹684,899","₹15,235/month"," ₹19,000 OFF",Bengaluru
2014 Skoda Rapid,AMBITION 1.6 MPI MT PLUS Manual,"90,560 km2nd OwnerPetrol","₹554,199","₹12,328/month"," ₹5,000 OFF",Bengaluru
2013 Ford Ecosport,1.5AMBIENTE TI VCT Manual,"39,771 km2nd OwnerPetrol","₹681,199","₹15,153/month"," ₹36,000 OFF",Bengaluru
2015 Honda Jazz,1.2 V MT Manual,"60,878 km3rd OwnerPetrol","₹554,299","₹12,330/month"," ₹33,000 OFF",Bengaluru
2012 Toyota Etios,V Manual,"89,408 km1st OwnerPetrol","₹493,199","₹10,971/month"," ₹26,000 OFF",Bengaluru
2017 Maruti Baleno,ZETA 1.2 K12 Manual,"66,816 km1st OwnerPetrol","₹655,299","₹14,577/month"," ₹35,000 OFF",Bengaluru
2018 Toyota YARIS,V CVT Manual,"58,923 km1st OwnerPetrol","₹852,199","₹18,957/month"," ₹50,000 OFF",Bengaluru
2019 KIA SELTOS,HTX+ MT 1.5 DIESEL Manual,"25,322 km1st OwnerDiesel","₹1,489,399","₹33,131/month"," ₹5,000 OFF",Bengaluru
2016 Maruti S Cross,ZETA 1.3 Manual,"146,782 km2nd OwnerDiesel","₹674,199","₹14,997/month"," ₹40,000 OFF",Bengaluru
2013 Hyundai Grand i10,SPORTS 1.2 VTVT Manual,"40,662 km1st OwnerPetrol","₹443,999","₹9,877/month"," ₹24,000 OFF",Bengaluru
2017 Maruti IGNIS,ZETA 1.2 K12 AMT Automatic,"35,928 km1st OwnerPetrol","₹656,499","₹14,603/month"," ₹5,000 OFF",Bengaluru
2017 Maruti IGNIS,DELTA 1.2 K12 Manual,"26,862 km1st OwnerPetrol","₹516,999","₹11,500/month"," ₹27,000 OFF",Bengaluru
2018 Volkswagen Polo,COMFORTLINE 1.0 PETROL Manual,"30,201 km1st OwnerPetrol","₹673,499","₹14,982/month"," ₹36,000 OFF",Bengaluru
2019 Maruti Vitara Brezza,ZDI AMT Automatic,"22,714 km1st OwnerDiesel","₹1,011,399","₹22,498/month"," ₹17,000 OFF",Bengaluru
2016 Ford Ecosport,1.5TITANIUM TDCI Manual,"54,152 km1st OwnerDiesel","₹790,199","₹17,578/month"," ₹42,000 OFF",Bengaluru
2019 Hyundai VENUE,1.0L Turbo GDI SX(O) MT Manual,"11,423 km1st OwnerPetrol","₹1,067,799","₹23,753/month"," ₹39,000 OFF",Bengaluru
,,,,,,Bengaluru
,,,,,,Bengaluru
2017 Maruti IGNIS,ALPHA 1.2 K12 DUAL TONE Manual,"44,863 km1st OwnerPetrol","₹631,899","₹14,056/month"," ₹27,000 OFF",Bengaluru
2016 Ford Ecosport,1.5 TREND+ TDCI Manual,"31,870 km1st OwnerDiesel","₹712,199","₹15,842/month"," ₹38,000 OFF",Bengaluru
2016 Renault Duster,RXL PETROL 104 Manual,"27,083 km2nd OwnerPetrol","₹701,399","₹15,602/month"," ₹50,000 OFF",Bengaluru
2012 Maruti Alto 800,LXI Manual,"29,483 km2nd OwnerPetrol","₹275,799","₹6,135/month"," ₹15,000 OFF",Bengaluru
2018 Maruti Swift,ZDI AMT Automatic,"50,630 km1st OwnerDiesel","₹714,599","₹15,896/month"," ₹15,000 OFF",Bengaluru
2019 MG HECTOR,SHARP 2.0 DIESEL Manual,"12,138 km1st OwnerDiesel","₹1,866,599","₹41,521/month"," ₹6,000 OFF",Bengaluru
2019 MG HECTOR,SHARP 2.0 DIESEL Manual,"10,828 km1st OwnerDiesel","₹1,858,999","₹41,352/month"," ₹45,000 OFF",Bengaluru
2018 Ford Ecosport,1.5 TITANIUM TI VCT AT Automatic,"35,691 km2nd OwnerPetrol","₹980,199","₹21,804/month"," ₹50,000 OFF",Bengaluru
2019 Ford Ecosport,1.5 TITANIUM TI VCT Manual,"17,389 km1st OwnerPetrol","₹987,299","₹21,962/month"," ₹11,000 OFF",Bengaluru
2015 Maruti Swift,VXI Manual,"44,313 km2nd OwnerPetrol","₹575,899","₹12,811/month"," ₹5,000 OFF",Bengaluru
2015 Hyundai Grand i10,SPORTS 1.2 VTVT Manual,"45,929 km1st OwnerPetrol","₹436,699","₹9,714/month"," ₹23,000 OFF",Bengaluru
2020 Tata Tiago,XZ+ 1.2 Revotron Manual,"7,771 km1st OwnerPetrol","₹601,599","₹13,382/month"," ₹6,000 OFF",Bengaluru
2020 Ford Ecosport,1.5 TITANIUM PLUS TI VCT AT Manual,"13,853 km1st OwnerPetrol","₹1,086,999","₹24,180/month"," ₹18,000 OFF",Bengaluru
2019 Ford Ecosport,1.5 TITANIUM TI VCT Manual,"17,363 km1st OwnerPetrol","₹875,499","₹19,475/month"," ₹33,000 OFF",Bengaluru
2020 Ford Ecosport,1.5 TITANIUM PLUS TI VCT AT Manual,"13,447 km1st OwnerPetrol","₹1,113,599","₹24,771/month"," ₹24,000 OFF",Bengaluru
2016 Renault Kwid,RXT Opt Manual,"13,808 km2nd OwnerPetrol","₹365,299","₹8,126/month"," ₹26,000 OFF",Bengaluru
2014 Maruti Swift Dzire,VXI 1.2 BS IV Manual,"38,392 km1st OwnerPetrol","₹489,199","₹10,882/month"," ₹35,000 OFF",Bengaluru
2018 Maruti IGNIS,ZETA 1.2 K12 Manual,"73,599 km1st OwnerPetrol","₹490,199","₹10,904/month"," ₹27,000 OFF",Bengaluru
2019 Maruti S PRESSO,VXI PLUS Manual,"10,462 km1st OwnerPetrol","₹462,499","₹10,288/month"," ₹15,000 OFF",Bengaluru
2014 Hyundai i20,ASTA 1.2 Manual,"26,971 km2nd OwnerPetrol","₹489,999","₹10,900/month"," ₹26,000 OFF",Bengaluru
,,,,,,Bengaluru
,,,,,,Bengaluru
2017 Honda Jazz,1.2 V AT Automatic,"27,368 km1st OwnerPetrol","₹714,599","₹15,896/month"," ₹10,000 OFF",Bengaluru
2015 Honda Brio,1.2 VX MT I VTEC Manual,"52,105 km1st OwnerPetrol","₹507,899","₹11,298/month"," ₹5,000 OFF",Bengaluru
2013 Hyundai i20,MAGNA O 1.2 Manual,"41,105 km1st OwnerPetrol","₹482,599","₹10,735/month"," ₹5,000 OFF",Bengaluru
2016 Renault Kwid,RXT 1.0 EASY-R  AT ,"35,941 km2nd OwnerPetrol","₹417,599","₹9,289/month"," ₹5,000 OFF",Bengaluru
2015 Honda Brio,1.2 S MT I VTEC Manual,"4,392 km1st OwnerPetrol","₹482,699","₹10,737/month"," ₹50,000 OFF",Bengaluru
2014 Maruti Swift,VXI Manual,"28,791 km1st OwnerPetrol","₹582,899","₹12,966/month"," ₹50,000 OFF",Bengaluru
2017 Hyundai Grand i10,MAGNA 1.2 KAPPA VTVT Manual,"34,278 km1st OwnerPetrol","₹492,599","₹10,958/month"," ₹21,000 OFF",Bengaluru
2010 Hyundai i20,SPORTZ 1.2 O Manual,"53,548 km3rd OwnerPetrol","₹363,099","₹8,077/month"," ₹21,000 OFF",Bengaluru
2012 Maruti Swift,VXI Manual,"56,941 km2nd OwnerPetrol","₹589,999","₹13,124/month"," ₹5,000 OFF",Bengaluru
2017 Tata Tiago,XZ 1.2 REVOTRON Manual,"65,085 km1st OwnerPetrol","₹583,699","₹12,984/month"," ₹31,000 OFF",Bengaluru
2015 Hyundai Grand i10,ASTA AT 1.2 KAPPA VTVT Manual,"102,124 km2nd OwnerPetrol","₹429,599","₹9,556/month"," ₹32,000 OFF",Bengaluru
2018 Renault Kwid,CLIMBER 1.0 AT ,"19,422 km2nd OwnerPetrol","₹404,099","₹8,989/month"," ₹23,000 OFF",Bengaluru
2014 Maruti Swift,VXI Manual,"24,892 km1st OwnerPetrol","₹540,599","₹12,025/month"," ₹35,000 OFF",Bengaluru
2018 Renault Kwid,RXL Manual,"10,522 km1st OwnerPetrol","₹384,899","₹8,562/month"," ₹12,000 OFF",Bengaluru
2012 Maruti Swift,VXI Manual,"37,988 km2nd OwnerPetrol","₹500,099","₹11,124/month"," ₹10,000 OFF",Bengaluru
2013 Hyundai i20,MAGNA O 1.2 Manual,"45,254 km1st OwnerPetrol","₹480,499","₹10,688/month"," ₹30,000 OFF",Bengaluru
2012 Maruti Swift,VXI Manual,"37,366 km1st OwnerPetrol","₹530,299","₹11,796/month"," ₹41,000 OFF",Bengaluru
2014 Maruti Swift,VXI Manual,"65,138 km1st OwnerPetrol","₹486,999","₹10,833/month"," ₹26,000 OFF",Bengaluru
2016 Honda Jazz,1.2 V MT Manual,"27,819 km1st OwnerPetrol","₹647,199","₹14,397/month"," ₹46,000 OFF",Bengaluru
2015 Hyundai i10,MAGNA 1.1 IRDE2 Manual,"20,652 km2nd OwnerPetrol","₹394,499","₹8,775/month"," ₹25,000 OFF",Bengaluru
,,,,,,Bengaluru
,,,,,,Bengaluru
2012 Maruti Swift,VXI Manual,"38,980 km1st OwnerPetrol","₹510,999","₹11,367/month"," ₹5,000 OFF",Bengaluru
2014 Hyundai Eon,SPORTZ Manual,"36,141 km2nd OwnerPetrol","₹324,199","₹7,212/month"," ₹18,000 OFF",Bengaluru
2012 Hyundai i20,SPORTZ 1.2 VTVT Manual,"43,551 km1st OwnerPetrol","₹483,099","₹10,746/month"," ₹5,000 OFF",Bengaluru
2017 Renault Kwid,RXT 1.0 EASY-R AT OPTION Automatic,"14,193 km1st OwnerPetrol","₹381,899","₹8,495/month"," ₹17,000 OFF",Bengaluru
2017 Maruti Celerio,ZXI AMT Automatic,"53,187 km1st OwnerPetrol","₹456,999","₹10,166/month"," ₹25,000 OFF",Bengaluru
2018 Renault Kwid,RXL1.0 EASY-R AT ,"9,848 km1st OwnerPetrol","₹409,999","₹9,120/month"," ₹22,000 OFF",Bengaluru
2012 Maruti Swift,VXI Manual,"75,456 km1st OwnerPetrol","₹465,799","₹10,361/month"," ₹48,000 OFF",Bengaluru
2013 Toyota Etios Liva,V Manual,"48,838 km1st OwnerPetrol","₹553,799","₹12,319/month"," ₹30,000 OFF",Bengaluru
2017 Maruti Celerio,ZXI OPT AMT Automatic,"45,379 km1st OwnerPetrol","₹457,199","₹10,170/month"," ₹46,000 OFF",Bengaluru
2015 Maruti Alto K10,VXI AMT Manual,"93,795 km1st OwnerPetrol","₹321,599","₹7,154/month"," ₹17,000 OFF",Bengaluru
2017 Renault Kwid,CLIMBER 1.0 AT Manual,"24,025 km1st OwnerPetrol","₹513,999","₹11,434/month"," ₹7,000 OFF",Bengaluru
2012 Honda Brio,1.2 S MT I VTEC Manual,"47,893 km1st OwnerPetrol","₹440,399","₹9,796/month"," ₹40,000 OFF",Bengaluru
2017 Renault Kwid,CLIMBER 1.0 AT Manual,"26,686 km1st OwnerPetrol","₹449,899","₹10,008/month"," ₹24,000 OFF",Bengaluru
2015 Hyundai Grand i10,ASTA 1.2 (O) VTVT Manual,"77,705 km1st OwnerPetrol","₹565,499","₹12,579/month"," ₹20,000 OFF",Bengaluru
2014 Hyundai i10,SPORTZ 1.1 IRDE2 Manual,"61,003 km2nd OwnerPetrol","₹377,199","₹8,391/month"," ₹25,000 OFF",Bengaluru
2016 Hyundai Grand i10,SPORTS 1.2 VTVT Manual,"13,645 km1st OwnerPetrol","₹534,199","₹11,883/month"," ₹29,000 OFF",Bengaluru
2019 Hyundai NEW SANTRO,1.1 SPORTS AMT Manual,"14,143 km1st OwnerPetrol","₹546,199","₹12,150/month"," ₹19,000 OFF",Bengaluru
2017 Hyundai Grand i10,1.2 KAPPA SPORTZ (O) Manual,"35,356 km1st OwnerPetrol","₹531,099","₹11,814/month"," ₹28,000 OFF",Bengaluru
2015 Hyundai Grand i10,SPORTZ 1.2 KAPPA VTVT Manual,"64,085 km1st OwnerPetrol","₹493,399","₹10,975/month"," ₹32,000 OFF",Bengaluru
2014 Hyundai Grand i10,SPORTS 1.2 VTVT Manual,"31,454 km4th OwnerPetrol","₹414,499","₹9,220/month"," ₹28,000 OFF",Bengaluru
,,,,,,Bengaluru
,,,,,,Bengaluru
2016 Hyundai Grand i10,ASTA 1.2 (O) VTVT Manual,"30,243 km2nd OwnerPetrol","₹520,399","₹11,576/month"," ₹32,000 OFF",Bengaluru
2017 Tata Nano,XT TWIST Manual,"15,377 km3rd OwnerPetrol","₹201,699","₹4,487/month"," ₹14,000 OFF",Bengaluru
2018 Hyundai Grand i10,ASTA 1.2 KAPPA VTVT Manual,"11,430 km1st OwnerPetrol","₹827,999","₹18,418/month"," ₹44,000 OFF",Bengaluru
2015 Hyundai Grand i10,ASTA 1.2 (O) VTVT Manual,"57,741 km1st OwnerPetrol","₹556,199","₹12,372/month"," ₹35,000 OFF",Bengaluru
2016 Hyundai Grand i10,ASTA 1.2 (O) VTVT Manual,"15,831 km1st OwnerPetrol","₹554,699","₹12,339/month"," ₹30,000 OFF",Bengaluru
2016 Maruti Wagon R 1.0,VXI Manual,"74,510 km2nd OwnerPetrol","₹415,799","₹9,249/month"," ₹36,000 OFF",Bengaluru
2018 Tata Tiago,XZ 1.2 REVOTRON Manual,"13,936 km1st OwnerPetrol","₹554,699","₹12,339/month"," ₹31,000 OFF",Bengaluru
2017 Renault Kwid,CLIMBER 1.0 AT Manual,"27,188 km1st OwnerPetrol","₹422,899","₹9,407/month"," ₹34,000 OFF",Bengaluru
2017 Renault Kwid,CLIMBER 1.0 AT Manual,"24,920 km1st OwnerPetrol","₹424,999","₹9,454/month"," ₹24,000 OFF",Bengaluru
2017 Maruti Celerio,ZXI Manual,"36,893 km1st OwnerPetrol","₹451,299","₹10,039/month"," ₹31,000 OFF",Bengaluru
2018 Maruti IGNIS,ALPHA 1.2 K12 AMT Automatic,"10,344 km1st OwnerPetrol","₹713,599","₹15,874/month"," ₹22,000 OFF",Bengaluru
2017 Renault Kwid,RXL1.0 EASY-R AT Manual,"15,883 km1st OwnerPetrol","₹418,899","₹9,318/month"," ₹22,000 OFF",Bengaluru
2015 Hyundai i10,SPORTZ 1.1 IRDE2 Manual,"39,674 km1st OwnerPetrol","₹479,199","₹10,660/month"," ₹6,000 OFF",Bengaluru
2015 Hyundai Grand i10,ASTA AT 1.2 KAPPA VTVT Manual,"35,879 km2nd OwnerPetrol","₹448,299","₹9,972/month"," ₹32,000 OFF",Bengaluru
2016 Hyundai Grand i10,ASTA 1.2 (O) VTVT Manual,"16,805 km1st OwnerPetrol","₹528,999","₹11,767/month"," ₹44,000 OFF",Bengaluru
2019 Maruti Celerio,ZXI OPT Manual,"21,303 km2nd OwnerPetrol","₹556,599","₹12,381/month"," ₹16,000 OFF",Bengaluru
2016 Maruti Celerio,VXI AMT Automatic,"42,560 km1st OwnerPetrol","₹434,399","₹9,663/month"," ₹23,000 OFF",Bengaluru
2016 Maruti Celerio,VXI Manual,"35,109 km1st OwnerPetrol","₹429,899","₹9,563/month"," ₹35,000 OFF",Bengaluru
2016 Hyundai Grand i10,SPORTS 1.2 VTVT Manual,120 km1st OwnerPetrol,"₹541,099","₹12,036/month"," ₹21,000 OFF",Bengaluru
2016 Hyundai i10,SPORTZ 1.1 IRDE2 Manual,"14,315 km2nd OwnerPetrol","₹438,699","₹9,759/month"," ₹24,000 OFF",Bengaluru
,,,,,,Bengaluru
,,,,,,Bengaluru
2014 Maruti Wagon R 1.0,VXI Manual,"46,679 km2nd OwnerPetrol","₹358,299","₹7,970/month"," ₹19,000 OFF",Bengaluru
2015 Maruti Celerio,VXI Manual,"63,466 km2nd OwnerPetrol","₹449,599","₹10,001/month"," ₹38,000 OFF",Bengaluru
2013 Maruti Alto K10,VXI Manual,"39,062 km2nd OwnerPetrol","₹276,499","₹6,151/month"," ₹16,000 OFF",Bengaluru
2012 Hyundai i10,SPORTZ 1.2 KAPPA2 Manual,"48,208 km1st OwnerPetrol","₹367,899","₹8,184/month"," ₹29,000 OFF",Bengaluru
2017 Maruti Eeco,5 STR WITH AC PLUSHTR Manual,"31,060 km2nd OwnerPetrol","₹403,499","₹8,976/month"," ₹22,000 OFF",Bengaluru
2015 Maruti Ritz,ZXI ABS Manual,"54,899 km1st OwnerPetrol","₹491,099","₹10,924/month"," ₹40,000 OFF",Bengaluru
2011 Hyundai i10,SPORTZ 1.2 KAPPA2 Manual,"81,717 km2nd OwnerPetrol","₹392,299","₹8,726/month"," ₹5,000 OFF",Bengaluru
2015 Maruti Alto 800,LXI Manual,"38,512 km1st OwnerPetrol","₹304,999","₹6,785/month"," ₹17,000 OFF",Bengaluru
2020 Hyundai NEW SANTRO,1.1 SPORTS AMT Manual,"4,482 km1st OwnerPetrol","₹632,399","₹14,067/month"," ₹22,000 OFF",Bengaluru
2015 Maruti Celerio,ZXI AMT Automatic,"19,324 km2nd OwnerPetrol","₹432,899","₹9,630/month"," ₹23,000 OFF",Bengaluru
2014 Maruti Alto K10,VXI Manual,"116,043 km1st OwnerPetrol","₹336,399","₹7,483/month"," ₹11,000 OFF",Bengaluru
2014 Hyundai i10,SPORTZ 1.1 IRDE2 Manual,"49,305 km2nd OwnerPetrol","₹407,299","₹9,060/month"," ₹5,000 OFF",Bengaluru
2016 Maruti Celerio,VXI Manual,"3,171 km1st OwnerPetrol","₹467,399","₹10,397/month"," ₹25,000 OFF",Bengaluru
2011 Maruti Ritz,VXI BS IV Manual,"62,517 km1st OwnerPetrol","₹370,499","₹8,242/month"," ₹5,000 OFF",Bengaluru
2012 Maruti Alto K10,LXI Manual,"11,095 km1st OwnerPetrol","₹273,999","₹6,095/month"," ₹25,000 OFF",Bengaluru
2015 Maruti Wagon R 1.0,VXI Manual,"36,544 km1st OwnerPetrol","₹455,299","₹10,128/month"," ₹24,000 OFF",Bengaluru
2013 Maruti Ritz,VXI BS IV Manual,"37,930 km1st OwnerPetrol","₹409,499","₹9,109/month"," ₹48,000 OFF",Bengaluru
2012 Maruti Alto K10,VXI Manual,"42,382 km1st OwnerPetrol","₹298,099","₹6,631/month"," ₹16,000 OFF",Bengaluru
2015 Maruti Celerio,ZXI AMT Automatic,"26,809 km1st OwnerPetrol","₹452,899","₹10,074/month"," ₹13,000 OFF",Bengaluru
2019 Maruti Eeco,5 STR WITH AC PLUSHTR Manual,"24,484 km1st OwnerPetrol","₹457,999","₹10,188/month"," ₹42,000 OFF",Bengaluru
,,,,,,Bengaluru
,,,,,,Bengaluru
2019 Maruti Eeco,5 STR WITH AC PLUSHTR Manual,"27,918 km1st OwnerPetrol","₹441,199","₹9,814/month"," ₹29,000 OFF",Bengaluru
2016 Maruti Alto 800,LXI Manual,"17,173 km2nd OwnerPetrol","₹314,199","₹6,989/month"," ₹27,000 OFF",Bengaluru
2011 Maruti Ritz,ZXI Manual,"33,079 km1st OwnerPetrol","₹458,099","₹10,190/month"," ₹35,000 OFF",Bengaluru
2015 Maruti Wagon R 1.0,VXI Manual,"15,893 km2nd OwnerPetrol","₹421,499","₹9,376/month"," ₹20,000 OFF",Bengaluru
2019 Maruti Eeco,5 STR WITH AC PLUSHTR Manual,"8,409 km1st OwnerPetrol","₹493,699","₹10,982/month"," ₹19,000 OFF",Bengaluru
2018 Maruti Alto K10,VXI (O) AMT Manual,"5,315 km1st OwnerPetrol","₹401,199","₹8,924/month"," ₹5,000 OFF",Bengaluru
2017 Maruti Alto 800,VXI Manual,"6,290 km2nd OwnerPetrol","₹343,999","₹7,652/month"," ₹5,000 OFF",Bengaluru
2016 Maruti Alto K10,VXI (O) AMT Manual,"29,240 km1st OwnerPetrol","₹387,199","₹8,613/month"," ₹40,000 OFF",Bengaluru
2015 Maruti Alto K10,VXI Manual,"22,584 km2nd OwnerPetrol","₹353,699","₹7,868/month"," ₹9,000 OFF",Bengaluru
2016 Maruti Alto K10,VXI AMT Manual,"22,469 km1st OwnerPetrol","₹388,599","₹8,644/month"," ₹5,000 OFF",Bengaluru
2017 Renault Duster,RXZ 85 PS DIESEL Manual,"22,087 km1st OwnerDiesel","₹890,599","₹19,811/month"," ₹34,000 OFF",Bengaluru
2014 Hyundai Grand i10,ASTA 1.2 AT VTVT Automatic,"80,080 km1st OwnerPetrol","₹470,399","₹10,464/month"," ₹10,000 OFF",Bengaluru
2018 Maruti Alto K10,VXI (O) AMT Manual,"4,074 km1st OwnerPetrol","₹415,299","₹9,238/month"," ₹7,000 OFF",Bengaluru
2015 Hyundai i20 Active,1.2 S Manual,"59,460 km1st OwnerPetrol","₹600,799","₹13,364/month"," ₹21,000 OFF",Bengaluru
2017 Hyundai Tucson New,4WD AT GLS DIESEL Automatic,"34,941 km1st OwnerDiesel","₹2,067,099","₹45,981/month"," ₹45,000 OFF",Bengaluru
2016 Mahindra Kuv100,K6 6 STR Manual,"22,163 km1st OwnerPetrol","₹434,999","₹9,676/month"," ₹23,000 OFF",Bengaluru
2017 Honda City,V MT PETROL Manual,"18,986 km1st OwnerPetrol","₹807,399","₹17,960/month"," ₹43,000 OFF",Bengaluru
2017 Maruti Swift,LXI OPT Manual,"13,973 km1st OwnerPetrol","₹498,499","₹11,089/month"," ₹27,000 OFF",Bengaluru
2018 Tata NEXON,XZ+ 1.2 Manual,"33,996 km1st OwnerPetrol","₹776,899","₹17,282/month"," ₹50,000 OFF",Bengaluru
2014 Maruti Wagon R 1.0,VXI Manual,"57,378 km1st OwnerPetrol","₹352,399","₹7,839/month"," ₹19,000 OFF",Bengaluru
,,,,,,Bengaluru
,,,,,,Bengaluru
2015 Maruti Swift,VXI Manual,"62,156 km1st OwnerPetrol","₹510,799","₹11,362/month"," ₹12,000 OFF",Bengaluru
2019 Maruti New  Wagon-R,VXI (O)1.OL AGS ,"19,182 km1st OwnerPetrol","₹503,499","₹11,200/month"," ₹30,000 OFF",Bengaluru
2018 Ford FREESTYLE,TITANIUM 1.2 TI-VCT MT Manual,"24,522 km1st OwnerPetrol","₹624,399","₹13,889/month"," ₹33,000 OFF",Bengaluru
2017 Honda City,V MT PETROL Manual,"29,409 km1st OwnerPetrol","₹818,299","₹18,203/month"," ₹27,000 OFF",Bengaluru
2018 Maruti Swift,VXI Manual,"28,532 km1st OwnerPetrol","₹607,499","₹13,513/month"," ₹20,000 OFF",Bengaluru
2017 Maruti Swift,LXI OPT Manual,"11,704 km1st OwnerPetrol","₹535,999","₹11,923/month"," ₹17,000 OFF",Bengaluru
2014 Toyota Corolla Altis,D 4D G Manual,"64,294 km1st OwnerDiesel","₹982,999","₹21,866/month"," ₹10,000 OFF",Bengaluru
2020 Maruti Ertiga,VXI SMART HYBRID Manual,"6,759 km1st OwnerPetrol","₹919,299","₹20,449/month"," ₹13,000 OFF",Bengaluru
2020 Tata NEXON,XZ+ OPT PETROL Manual,"35,736 km1st OwnerPetrol","₹1,045,999","₹23,268/month"," ₹21,000 OFF",Bengaluru
2015 Hyundai Elite i20,ASTA 1.4 CRDI Manual,"92,769 km1st OwnerDiesel","₹642,199","₹14,285/month"," ₹50,000 OFF",Bengaluru
2015 Hyundai Elite i20,ASTA 1.2 (O) Manual,"57,614 km1st OwnerPetrol","₹609,899","₹13,567/month"," ₹25,000 OFF",Bengaluru
2012 Ford Figo,1.2 TITANIUM DURATEC Manual,"26,224 km1st OwnerPetrol","₹394,799","₹8,782/month"," ₹45,000 OFF",Bengaluru
2019 Skoda Rapid,STYLE 1.6 MPI MT Manual,"3,876 km1st OwnerPetrol","₹955,699","₹21,259/month"," ₹5,000 OFF",Bengaluru
2016 Tata Tiago,XZ 1.2 REVOTRON Manual,"19,248 km2nd OwnerPetrol","₹427,799","₹9,516/month"," ₹42,000 OFF",Bengaluru
2016 Toyota Corolla Altis,G AT Automatic,"18,351 km2nd OwnerPetrol","₹1,053,899","₹23,443/month"," ₹28,000 OFF",Bengaluru
2015 Ford Ecosport,1.0 TREND+ (ECOBOOST) Manual,"24,599 km1st OwnerPetrol","₹614,799","₹13,676/month"," ₹37,000 OFF",Bengaluru
2018 Honda Amaze,1.2 SMT I VTEC Manual,"13,311 km1st OwnerPetrol","₹611,999","₹13,614/month"," ₹33,000 OFF",Bengaluru
2017 Ford New Figo,1.2 TITANIUM Manual,"16,215 km1st OwnerPetrol","₹507,199","₹11,282/month"," ₹24,000 OFF",Bengaluru
2017 Honda WR-V,1.2 i-VTEC VX MT Manual,"44,150 km1st OwnerPetrol","₹708,899","₹15,769/month"," ₹50,000 OFF",Bengaluru
2017 Volkswagen Polo,HIGHLINE1.2L PETROL Manual,"35,781 km1st OwnerPetrol","₹695,099","₹15,462/month"," ₹36,000 OFF",Bengaluru
,,,,,,Bengaluru
,,,,,,Bengaluru
2017 Honda WR-V,1.2 i-VTEC VX MT Manual,"57,837 km1st OwnerPetrol","₹681,599","₹15,162/month"," ₹50,000 OFF",Bengaluru
2020 Volkswagen Vento,HIGHLINE PLUS 1.0 TSI AT Automatic,"8,464 km1st OwnerPetrol","₹1,347,999","₹29,985/month"," ₹5,000 OFF",Bengaluru
2018 Hyundai Elite i20,ASTA 1.4 CRDI DUAL TONE Manual,"63,772 km1st OwnerDiesel","₹805,699","₹17,922/month"," ₹43,000 OFF",Bengaluru
2013 Hyundai Grand i10,SPORTZ 1.2 KAPPA VTVT Manual,"71,850 km1st OwnerPetrol","₹364,599","₹8,110/month"," ₹34,000 OFF",Bengaluru
2016 Mahindra XUV500,W10 AT Automatic,"33,057 km3rd OwnerDiesel","₹1,099,199","₹24,451/month"," ₹31,000 OFF",Bengaluru
2017 Ford Figo Aspire,1.2 TITANIUM PETROL Manual,"22,645 km1st OwnerPetrol","₹557,999","₹12,412/month"," ₹30,000 OFF",Bengaluru
2020 Renault TRIBER,RXZ AT Automatic,"8,050 km1st OwnerPetrol","₹781,799","₹17,391/month"," ₹36,000 OFF",Bengaluru
2015 Hyundai Eon,ERA PLUS Manual,"34,016 km1st OwnerPetrol","₹245,500","₹5,461/month",,Bengaluru
2018 Volkswagen Ameo,HIGHLINE PLUS 1.0 Manual,"14,079 km2nd OwnerPetrol","₹615,699","₹13,696/month"," ₹26,000 OFF",Bengaluru
2019 Maruti Vitara Brezza,VDI Manual,"27,498 km1st OwnerDiesel","₹848,399","₹18,872/month"," ₹27,000 OFF",Bengaluru
2018 Honda WR-V,1.2 i-VTEC VX MT Manual,"54,689 km1st OwnerPetrol","₹730,999","₹16,261/month"," ₹50,000 OFF",Bengaluru
2021 Tata Tiago,XZ+ 1.2 Revotron Manual,"6,217 km1st OwnerPetrol","₹705,599","₹15,696/month"," ₹13,000 OFF",Bengaluru
2010 Maruti Swift Dzire,LXI 1.2 BS IV Manual,"41,578 km2nd OwnerPetrol","₹390,799","₹8,693/month"," ₹21,000 OFF",Bengaluru
2018 Ford Ecosport,1.5 TITANIUM TI VCT Manual,"20,398 km1st OwnerPetrol","₹856,999","₹19,063/month"," ₹50,000 OFF",Bengaluru
2019 Maruti Dzire,ZXI AMT Automatic,"11,865 km1st OwnerPetrol","₹770,499","₹17,139/month"," ₹30,000 OFF",Bengaluru
2011 Hyundai Santro Xing,GL PLUS Manual,"70,009 km2nd OwnerPetrol","₹257,899","₹5,737/month"," ₹5,000 OFF",Bengaluru
2018 Ford Ecosport,1.5 TITANIUM SIGNATURE TI VCT (SUNROOF) Manual,"13,002 km1st OwnerPetrol","₹1,068,199","₹23,761/month"," ₹41,000 OFF",Bengaluru
2017 Hyundai Grand i10,MAGNA 1.2 VTVT Manual,"37,049 km1st OwnerPetrol","₹446,299","₹9,928/month"," ₹34,000 OFF",Bengaluru
2009 Hyundai i10,MAGNA 1.2 AT Automatic,"58,491 km2nd OwnerPetrol","₹252,399","₹5,614/month"," ₹6,000 OFF",Bengaluru
2017 Hyundai Grand i10,MAGNA 1.2 KAPPA VTVT Manual,"24,590 km2nd OwnerPetrol","₹476,399","₹10,597/month"," ₹25,000 OFF",Bengaluru
,,,,,,Bengaluru
,,,,,,Bengaluru
2012 Maruti Swift Dzire,VDI BS IV Manual,"130,343 km1st OwnerDiesel","₹445,199","₹9,903/month"," ₹37,000 OFF",Bengaluru
2014 Hyundai i20,SPORTZ 1.2 VTVT Manual,"52,550 km1st OwnerPetrol","₹483,099","₹10,746/month"," ₹50,000 OFF",Bengaluru
2011 Maruti Alto K10,VXI Manual,"69,882 km1st OwnerPetrol","₹238,699","₹5,310/month"," ₹13,000 OFF",Bengaluru
2014 Maruti Swift Dzire,VXI AMT Automatic,"33,716 km2nd OwnerPetrol","₹501,999","₹11,167/month"," ₹50,000 OFF",Bengaluru
2019 Hyundai NEW SANTRO,SPORTZ 1.1 Manual,"16,387 km1st OwnerPetrol","₹506,499","₹11,267/month"," ₹12,000 OFF",Bengaluru
2018 Tata Tiago,XZ 1.2 REVOTRON Manual,"9,845 km1st OwnerPetrol","₹548,399","₹12,199/month"," ₹29,000 OFF",Bengaluru
2012 Hyundai i20,SPORTZ 1.2 VTVT Manual,"57,484 km1st OwnerPetrol","₹458,499","₹10,199/month"," ₹25,000 OFF",Bengaluru
2016 Hyundai Grand i10,SPORTS 1.2 VTVT Manual,"5,214 km1st OwnerPetrol","₹505,599","₹11,247/month"," ₹32,000 OFF",Bengaluru
2016 Hyundai Grand i10,SPORTZ 1.2 KAPPA VTVT Manual,"37,823 km1st OwnerPetrol","₹480,299","₹10,684/month"," ₹26,000 OFF",Bengaluru
2017 Maruti Celerio,VXI AMT Automatic,"35,492 km1st OwnerPetrol","₹456,499","₹10,155/month"," ₹24,000 OFF",Bengaluru
2018 Renault Kwid,RXT 1.0 EASY-R AT OPTION Automatic,"11,083 km1st OwnerPetrol","₹412,099","₹9,167/month"," ₹22,000 OFF",Bengaluru
2019 Renault Kwid,CLIMBER 1.0 AT ,"12,449 km1st OwnerPetrol","₹436,999","₹9,721/month"," ₹37,000 OFF",Bengaluru
2014 Maruti Alto K10,VXI Manual,"66,206 km1st OwnerPetrol","₹327,899","₹7,294/month"," ₹22,000 OFF",Bengaluru
2016 Maruti Wagon R 1.0,VXI Manual,"17,120 km2nd OwnerPetrol","₹402,599","₹8,956/month"," ₹30,000 OFF",Bengaluru
2016 Maruti Eeco,5 STR Manual,"22,828 km1st OwnerPetrol","₹376,399","₹8,373/month"," ₹20,000 OFF",Bengaluru
2018 Maruti Celerio,VXI (O) AMT Automatic,"19,995 km1st OwnerPetrol","₹522,099","₹11,614/month"," ₹28,000 OFF",Bengaluru
2012 Maruti Alto,LXI Manual,"39,853 km2nd OwnerPetrol","₹255,699","₹5,688/month"," ₹30,000 OFF",Bengaluru
2013 Hyundai i10,SPORTZ 1.2 KAPPA2 Manual,"15,680 km1st OwnerPetrol","₹423,699","₹9,425/month"," ₹33,000 OFF",Bengaluru
2018 Maruti Eeco,5 STR WITH AC PLUSHTR Manual,"17,010 km1st OwnerPetrol","₹414,599","₹9,223/month"," ₹35,000 OFF",Bengaluru
2014 Maruti Alto 800,LXI Manual,"21,666 km1st OwnerPetrol","₹299,399","₹6,660/month"," ₹16,000 OFF",Bengaluru
,,,,,,Bengaluru
,,,,,,Bengaluru
2012 Maruti Ritz,VDI Manual,"51,781 km2nd OwnerDiesel","₹417,499","₹9,287/month"," ₹22,000 OFF",Bengaluru
2014 Maruti Ritz,ZXI ABS Manual,"27,307 km1st OwnerPetrol","₹452,099","₹10,057/month"," ₹39,000 OFF",Bengaluru
2018 Maruti Alto K10,VXI (O) AMT Manual,"5,280 km1st OwnerPetrol","₹413,599","₹9,200/month"," ₹13,000 OFF",Bengaluru
2016 Maruti Alto 800,VXI Manual,"13,482 km1st OwnerPetrol","₹368,599","₹8,199/month"," ₹20,000 OFF",Bengaluru
2014 Hyundai Grand i10,MAGNA 1.2 VTVT Manual,"38,708 km1st OwnerPetrol","₹382,299","₹8,504/month"," ₹5,000 OFF",Bengaluru
2015 Skoda Octavia,ELEGANCE 2.0 TDI CR AT Automatic,"55,087 km1st OwnerDiesel","₹1,322,899","₹29,427/month",,Bengaluru
2017 Hyundai Verna,1.6 SX VTVT Manual,"27,190 km1st OwnerPetrol","₹815,499","₹18,140/month"," ₹8,000 OFF",Bengaluru
2016 Maruti S Cross,ZETA 1.3 Manual,"14,895 km1st OwnerDiesel","₹770,099","₹17,130/month"," ₹41,000 OFF",Bengaluru
2009 Hyundai i20,MAGNA 1.2 VTVT Manual,"42,118 km2nd OwnerPetrol","₹325,399","₹7,238/month"," ₹23,000 OFF",Bengaluru
2017 Maruti Dzire,VDI AMT Automatic,"46,873 km1st OwnerDiesel","₹627,699","₹13,963/month"," ₹50,000 OFF",Bengaluru
2017 Tata Hexa,Varicor 400 XTA Automatic,"50,519 km1st OwnerDiesel","₹1,322,899","₹29,427/month"," ₹50,000 OFF",Bengaluru
2017 Tata Tiago,XZA 1.2 REVOTRON Automatic,"42,313 km1st OwnerPetrol","₹533,399","₹11,865/month"," ₹29,000 OFF",Bengaluru
2017 Maruti IGNIS,ZETA 1.3 DDIS Manual,"48,110 km1st OwnerDiesel","₹559,199","₹12,439/month"," ₹50,000 OFF",Bengaluru
2018 Ford Ecosport,1.5 TDCI TITANIUM PLUS Manual,"29,824 km1st OwnerDiesel","₹923,299","₹20,538/month"," ₹37,000 OFF",Bengaluru
2017 Maruti Swift,ZXI Manual,"56,166 km2nd OwnerPetrol","₹596,099","₹13,260/month"," ₹43,000 OFF",Bengaluru
2017 Hyundai Grand i10,MAGNA 1.2 VTVT Manual,"12,908 km1st OwnerPetrol","₹475,099","₹10,568/month"," ₹25,000 OFF",Bengaluru
2016 Hyundai i20 Active,1.4 S Manual,"82,548 km1st OwnerDiesel","₹596,399","₹13,267/month"," ₹41,000 OFF",Mumbai
2017 Honda WR-V,1.2 i-VTEC VX MT Manual,"37,871 km1st OwnerPetrol","₹723,799","₹16,101/month"," ₹12,000 OFF",Mumbai
2019 Toyota Glanza,V CVT Automatic,"2,407 km1st OwnerPetrol","₹841,099","₹18,710/month"," ₹50,000 OFF",Mumbai
2017 Honda WR-V,1.5 i-DTEC VX MT Manual,"53,017 km1st OwnerDiesel","₹761,999","₹16,950/month"," ₹41,000 OFF",Mumbai
2018 Ford Figo Aspire,1.5 TREND DIESEL Manual,"47,965 km1st OwnerDiesel","₹516,399","₹11,487/month"," ₹36,000 OFF",Mumbai
,,,,,,Mumbai
,,,,,,Mumbai
2017 Maruti Dzire,VDI Manual,"15,738 km1st OwnerDiesel","₹671,699","₹14,942/month"," ₹5,000 OFF",Mumbai
2019 Hyundai VENUE,1.4 CRDI S MT Manual,"11,482 km1st OwnerDiesel","₹911,699","₹20,280/month"," ₹35,000 OFF",Mumbai
2016 Hyundai Creta,1.6 SX PLUS VTVT Manual,"36,863 km1st OwnerPetrol","₹876,899","₹19,506/month"," ₹47,000 OFF",Mumbai
2019 Hyundai VENUE,1.0L Turbo GDI SX(O) MT Manual,"12,231 km1st OwnerPetrol","₹1,058,399","₹23,544/month"," ₹5,000 OFF",Mumbai
2019 Hyundai VENUE,SX(O) CRDi Manual,"23,558 km1st OwnerDiesel","₹994,699","₹22,127/month"," ₹6,000 OFF",Mumbai
2017 Maruti Dzire,ZXI AMT Automatic,"92,719 km1st OwnerPetrol","₹718,499","₹15,983/month"," ₹38,000 OFF",Mumbai
2017 Maruti Dzire,ZDI Manual,"40,204 km1st OwnerDiesel","₹730,399","₹16,247/month"," ₹50,000 OFF",Mumbai
2016 Hyundai Elite i20,ASTA 1.2 Manual,"45,362 km1st OwnerPetrol","₹560,499","₹12,468/month"," ₹5,000 OFF",Mumbai
2019 Ford Figo Aspire,1.2 TITANIUM PETROL Manual,"14,526 km1st OwnerPetrol","₹569,999","₹12,679/month"," ₹30,000 OFF",Mumbai
2017 Maruti Dzire,VXI AMT Automatic,"19,822 km1st OwnerPetrol","₹628,699","₹13,985/month"," ₹31,000 OFF",Mumbai
2017 Renault Kwid,1.0 RXT Manual,"31,147 km1st OwnerPetrol","₹303,199","₹6,744/month"," ₹32,000 OFF",Mumbai
2014 Maruti Celerio,ZXI OPT Manual,"24,317 km1st OwnerPetrol","₹383,299","₹8,526/month"," ₹21,000 OFF",Mumbai
2016 Hyundai Creta,1.6 SX PLUS AUTO PETROL Automatic,"39,036 km2nd OwnerPetrol","₹944,399","₹21,008/month"," ₹21,000 OFF",Mumbai
2016 Maruti Baleno,ZETA 1.2 K12 Manual,"50,022 km1st OwnerPetrol","₹512,799","₹11,407/month"," ₹50,000 OFF",Mumbai
2015 Hyundai Elite i20,ASTA 1.4 CRDI Manual,"32,895 km1st OwnerDiesel","₹609,199","₹13,551/month"," ₹33,000 OFF",Mumbai
2017 Hyundai Elite i20,ERA 1.2 Manual,"11,371 km1st OwnerPetrol","₹539,199","₹11,994/month"," ₹24,000 OFF",Mumbai
2017 Ford Ecosport,1.5TITANIUM TDCI Manual,"66,188 km1st OwnerDiesel","₹646,099","₹14,372/month"," ₹22,000 OFF",Mumbai
2017 Maruti S Cross,ZETA 1.3 Manual,"32,479 km1st OwnerDiesel","₹716,799","₹15,945/month"," ₹5,000 OFF",Mumbai
2018 Hyundai Creta,1.4 E PLUS CRDI Manual,"48,945 km3rd OwnerDiesel","₹909,099","₹20,222/month"," ₹35,000 OFF",Mumbai
2019 KIA SELTOS,GTX+ 1.4 MT Manual,"14,320 km1st OwnerPetrol","₹1,728,499","₹38,450/month"," ₹5,000 OFF",Mumbai
,,,,,,Mumbai
,,,,,,Mumbai
2019 KIA SELTOS,GTX+ 1.4 MT ,"5,348 km1st OwnerPetrol","₹1,850,999","₹41,174/month"," ₹6,000 OFF",Mumbai
2015 Volkswagen Vento,HIGHLINE PETROL Manual,"62,093 km1st OwnerPetrol","₹546,399","₹12,154/month"," ₹29,000 OFF",Mumbai
2018 Hyundai Elite i20,Magna Executive 1.2 Manual,"21,666 km1st OwnerPetrol","₹583,399","₹12,977/month"," ₹18,000 OFF",Mumbai
2017 Maruti S Cross,DELTA 1.3 Manual,"43,867 km1st OwnerDiesel","₹738,799","₹16,434/month"," ₹5,000 OFF",Mumbai
2019 Hyundai Creta,1.6 SX AT CRDI Manual,"12,012 km1st OwnerDiesel","₹1,503,699","₹33,449/month"," ₹5,000 OFF",Mumbai
2019 KIA SELTOS,GTX+ 1.4 MT Manual,"12,046 km1st OwnerPetrol","₹1,778,199","₹39,555/month"," ₹24,000 OFF",Mumbai
2020 Maruti Swift,VXI Manual,"16,286 km1st OwnerPetrol","₹615,399","₹13,689/month"," ₹15,000 OFF",Mumbai
2019 Hyundai Elite i20,1.2 SPORTS PLUS VTVT Manual,"1,898 km1st OwnerPetrol","₹734,399","₹16,336/month"," ₹26,000 OFF",Mumbai
2018 Maruti Ciaz,ALPHA 1.4 VVT AMT Automatic,"15,112 km1st OwnerPetrol","₹780,499","₹17,362/month"," ₹38,000 OFF",Mumbai
2019 MG HECTOR,SHARP DCT PETROL Automatic,"2,978 km1st OwnerPetrol","₹1,863,999","₹41,464/month"," ₹6,000 OFF",Mumbai
2017 Hyundai Elite i20,SPORTZ 1.2 Manual,"32,251 km1st OwnerPetrol","₹612,999","₹13,636/month"," ₹9,000 OFF",Mumbai
2017 Toyota Camry,HYBRID Manual,"69,593 km1st OwnerPetrol","₹1,877,199","₹41,757/month"," ₹31,000 OFF",Mumbai
2017 Maruti S Cross,ZETA 1.3 Manual,"67,396 km1st OwnerDiesel","₹798,899","₹17,771/month"," ₹42,000 OFF",Mumbai
2017 Hyundai Creta,1.6 SX CRDI Manual,"118,008 km1st OwnerDiesel","₹856,799","₹19,059/month"," ₹50,000 OFF",Mumbai
2020 Maruti New  Wagon-R,ZXI 1.2L AGS Automatic,996 km1st OwnerPetrol,"₹617,599","₹13,738/month"," ₹5,000 OFF",Mumbai
2018 Hyundai Verna,1.6 SX VTVT AT (O) Automatic,"24,240 km2nd OwnerPetrol","₹1,047,399","₹23,299/month"," ₹50,000 OFF",Mumbai
2018 Hyundai Verna,1.6 SX VTVT AT (O) Automatic,"16,869 km2nd OwnerPetrol","₹1,053,399","₹23,432/month"," ₹50,000 OFF",Mumbai
2019 Maruti Alto,VXI Manual,"21,494 km2nd OwnerPetrol","₹352,199","₹7,834/month"," ₹19,000 OFF",Mumbai
2017 Hyundai Elite i20,ASTA 1.2 (O) Manual,"11,375 km1st OwnerPetrol","₹637,399","₹14,179/month"," ₹48,000 OFF",Mumbai
2014 Ford Ecosport,1.5AMBIENTE TI VCT Manual,"39,985 km1st OwnerPetrol","₹567,399","₹12,621/month"," ₹30,000 OFF",Mumbai
,,,,,,Mumbai
,,,,,,Mumbai
2018 Hyundai Creta,1.6 SX AT CRDI Manual,"42,360 km2nd OwnerDiesel","₹1,307,499","₹29,085/month"," ₹50,000 OFF",Mumbai
2020 KIA SELTOS,HTK PLUS AT 1.5 DIESEL Automatic,"20,305 km1st OwnerDiesel","₹1,557,599","₹34,648/month"," ₹5,000 OFF",Mumbai
2018 Maruti Dzire,VXI Manual,"15,755 km1st OwnerPetrol","₹662,199","₹14,730/month"," ₹40,000 OFF",Mumbai
2018 Ford Ecosport,1.5 TITANIUM PLUS TI VCT AT Manual,"12,961 km1st OwnerPetrol","₹827,299","₹18,403/month"," ₹15,000 OFF",Mumbai
2018 Honda City,V MT PETROL Manual,"18,363 km1st OwnerPetrol","₹1,050,299","₹23,363/month"," ₹50,000 OFF",Mumbai
2015 Honda Brio,1.2 S MT I VTEC Manual,"30,487 km1st OwnerPetrol","₹382,599","₹8,511/month"," ₹6,000 OFF",Mumbai
2016 Volkswagen Polo,GT TSI 1.2 PETROL AT Automatic,"48,730 km2nd OwnerPetrol","₹597,199","₹13,284/month"," ₹32,000 OFF",Mumbai
2019 Maruti Baleno,DELTA 1.2 K12 Manual,"15,112 km1st OwnerPetrol","₹647,599","₹14,405/month"," ₹35,000 OFF",Mumbai
2018 Honda WR-V,1.2 i-VTEC VX MT Manual,"17,699 km1st OwnerPetrol","₹776,199","₹17,266/month"," ₹31,000 OFF",Mumbai
2018 Ford Ecosport,1.5TITANIUM TDCI Manual,"40,157 km1st OwnerDiesel","₹859,499","₹19,119/month"," ₹46,000 OFF",Mumbai
2018 Hyundai Verna,1.6 SX VTVT AT (O) Automatic,"12,584 km1st OwnerPetrol","₹1,123,999","₹25,003/month"," ₹5,000 OFF",Mumbai
2019 Ford Ecosport,1.5 TITANIUM TI VCT Manual,"17,463 km1st OwnerPetrol","₹895,299","₹19,915/month"," ₹50,000 OFF",Mumbai
2017 Maruti Baleno,RS 1.0 PETROL Manual,"12,840 km2nd OwnerPetrol","₹604,199","₹13,440/month"," ₹45,000 OFF",Mumbai
2018 Honda WR-V,1.2 i-VTEC VX MT Manual,"16,631 km1st OwnerPetrol","₹850,899","₹18,928/month"," ₹31,000 OFF",Mumbai
2017 Maruti Celerio,VXI Manual,"66,663 km1st OwnerPetrol","₹422,899","₹9,407/month"," ₹25,000 OFF",Mumbai
2019 Maruti IGNIS,ZETA 1.2 K12 AMT Automatic,"13,058 km1st OwnerPetrol","₹553,499","₹12,312/month"," ₹7,000 OFF",Mumbai
2016 Hyundai Grand i10,SPORTS 1.2 VTVT Manual,"32,812 km1st OwnerPetrol","₹433,799","₹9,650/month"," ₹6,000 OFF",Mumbai
2019 Maruti Vitara Brezza,VDI Manual,"21,250 km1st OwnerDiesel","₹900,899","₹20,040/month"," ₹12,000 OFF",Mumbai
2015 Maruti Alto K10,VXI Manual,"24,518 km1st OwnerPetrol","₹265,799","₹5,913/month"," ₹14,000 OFF",Mumbai
2018 Ford Ecosport,1.5 TITANIUM PLUS TI VCT AT Manual,"11,860 km1st OwnerPetrol","₹887,999","₹19,753/month"," ₹26,000 OFF",Mumbai
,,,,,,Mumbai
,,,,,,Mumbai
2019 Hyundai Grand i10,MAGNA 1.2 KAPPA VTVT Manual,"4,031 km1st OwnerPetrol","₹526,999","₹11,723/month"," ₹13,000 OFF",Mumbai
2013 Maruti Swift,VXI Manual,"36,351 km1st OwnerPetrol","₹397,799","₹8,849/month"," ₹21,000 OFF",Mumbai
2017 Maruti Baleno,ALPHA 1.2 K12 Manual,"31,950 km1st OwnerPetrol","₹628,799","₹13,987/month"," ₹42,000 OFF",Mumbai
2020 Maruti Vitara Brezza,ZXI Manual,"23,940 km1st OwnerPetrol","₹911,499","₹20,276/month"," ₹5,000 OFF",Mumbai
2018 Maruti Dzire,VXI Manual,"6,778 km1st OwnerPetrol","₹689,599","₹15,340/month"," ₹9,000 OFF",Mumbai
2018 Maruti Vitara Brezza,ZDI Manual,"36,894 km1st OwnerDiesel","₹824,199","₹18,334/month"," ₹38,000 OFF",Mumbai
2018 Maruti Celerio,VXI Manual,"15,478 km1st OwnerPetrol","₹472,699","₹10,515/month"," ₹30,000 OFF",Mumbai
2016 Hyundai Grand i10,SPORTS 1.2 VTVT Manual,"26,904 km1st OwnerPetrol","₹463,199","₹10,304/month"," ₹25,000 OFF",Mumbai
2014 Maruti Swift Dzire,VXI 1.2 BS IV Manual,"30,601 km2nd OwnerPetrol","₹449,699","₹10,003/month"," ₹29,000 OFF",Mumbai
2020 Hyundai VENUE,1.0 TURBO GDI SX+ AT Automatic,"21,526 km1st OwnerPetrol","₹1,160,199","₹25,808/month"," ₹11,000 OFF",Mumbai
2018 Maruti Wagon R 1.0,VXI AMT Automatic,"35,242 km1st OwnerPetrol","₹450,199","₹10,014/month"," ₹24,000 OFF",Mumbai
2016 Maruti Swift,ZDI Manual,"82,420 km1st OwnerDiesel","₹528,999","₹11,767/month"," ₹35,000 OFF",Mumbai
2017 Maruti Alto K10,VXI OPT Manual,"55,116 km1st OwnerPetrol","₹321,699","₹7,156/month"," ₹5,000 OFF",Mumbai
2013 Maruti Swift Dzire,VXI 1.2 BS IV Manual,"42,182 km1st OwnerPetrol","₹441,799","₹9,828/month"," ₹45,000 OFF",Mumbai
2019 Maruti Vitara Brezza,VDI Manual,"27,771 km1st OwnerDiesel","₹945,499","₹21,032/month"," ₹5,000 OFF",Mumbai
2013 Maruti Swift Dzire,VDI BS IV Manual,"72,893 km1st OwnerDiesel","₹560,099","₹12,459/month"," ₹34,000 OFF",Mumbai
2018 Maruti Dzire,ZDI Manual,"26,367 km1st OwnerDiesel","₹782,999","₹17,417/month"," ₹40,000 OFF",Mumbai
2018 Hyundai Grand i10,SPORTS 1.2 AT VTVT Automatic,"16,228 km2nd OwnerPetrol","₹550,199","₹12,239/month"," ₹38,000 OFF",Mumbai
2018 Honda Jazz,1.2 V MT Manual,"23,178 km1st OwnerPetrol","₹663,499","₹14,759/month"," ₹24,000 OFF",Mumbai
2018 Maruti Celerio,ZXI Manual,"43,901 km1st OwnerPetrol","₹451,699","₹10,048/month"," ₹24,000 OFF",Mumbai
,,,,,,Mumbai
,,,,,,Mumbai
2018 Maruti Vitara Brezza,ZDI Manual,"20,210 km1st OwnerDiesel","₹870,499","₹19,364/month"," ₹5,000 OFF",Mumbai
2017 Maruti Vitara Brezza,ZDI PLUS Manual,"46,603 km1st OwnerDiesel","₹849,099","₹18,888/month"," ₹45,000 OFF",Mumbai
2018 Maruti Vitara Brezza,ZDI Manual,"26,395 km1st OwnerDiesel","₹844,799","₹18,792/month"," ₹50,000 OFF",Mumbai
2020 Maruti S PRESSO,VXI PLUS AGS Automatic,"6,794 km2nd OwnerPetrol","₹456,099","₹10,146/month"," ₹5,000 OFF",Mumbai
2019 Ford Ecosport,1.5 TITANIUM PLUS TI VCT AT ,"10,102 km1st OwnerPetrol","₹977,199","₹21,737/month"," ₹36,000 OFF",Mumbai
2019 Maruti Baleno,ALPHA 1.2 K12 Manual,"4,333 km1st OwnerPetrol","₹750,299","₹16,690/month"," ₹50,000 OFF",Mumbai
2016 Hyundai Grand i10,SPORTS 1.2 VTVT Manual,"15,650 km1st OwnerPetrol","₹478,599","₹10,646/month"," ₹26,000 OFF",Mumbai
2014 Honda Amaze,1.2 SMT I VTEC Manual,"78,312 km1st OwnerPetrol","₹461,699","₹10,270/month"," ₹25,000 OFF",Mumbai
2020 MG HECTOR,SHARP DCT PETROL Automatic,"8,681 km1st OwnerPetrol","₹1,775,099","₹39,486/month"," ₹5,000 OFF",Mumbai
2016 Maruti Alto K10,VXI Manual,"25,823 km1st OwnerPetrol","₹296,899","₹6,604/month"," ₹5,000 OFF",Mumbai
2019 Maruti Dzire,ZDI Manual,"34,404 km1st OwnerDiesel","₹833,899","₹18,550/month"," ₹50,000 OFF",Mumbai
2016 Hyundai Grand i10,1.2 ASTA (O) AT Automatic,"11,819 km2nd OwnerPetrol","₹510,899","₹11,365/month"," ₹28,000 OFF",Mumbai
2018 Jeep Compass,LIMITED O 1.4 AT Automatic,"25,460 km2nd OwnerPetrol","₹1,576,699","₹35,073/month"," ₹5,000 OFF",Mumbai
2016 Maruti Alto 800,VXI Manual,"16,709 km2nd OwnerPetrol","₹264,199","₹5,877/month"," ₹13,000 OFF",Mumbai
2021 Maruti S PRESSO,VXI PLUS Manual,470 km1st OwnerPetrol,"₹469,899","₹10,453/month"," ₹5,000 OFF",Mumbai
2015 Maruti Alto 800,LXI Manual,"6,248 km1st OwnerPetrol","₹291,999","₹6,495/month"," ₹18,000 OFF",Mumbai
2015 Hyundai Grand i10,ASTA AT 1.2 KAPPA VTVT Manual,"10,267 km1st OwnerPetrol","₹474,799","₹10,562/month"," ₹44,000 OFF",Mumbai
2017 Maruti Alto 800,VXI Manual,"16,069 km1st OwnerPetrol","₹312,899","₹6,960/month"," ₹27,000 OFF",Mumbai
2018 Maruti Alto 800,LXI Manual,"8,465 km1st OwnerPetrol","₹320,799","₹7,136/month"," ₹17,000 OFF",Mumbai
2018 Maruti Alto 800,VXI Manual,"28,494 km1st OwnerPetrol","₹329,499","₹7,330/month"," ₹5,000 OFF",Mumbai
,,,,,,Mumbai
,,,,,,Mumbai
2017 Maruti Alto K10,VXI (O) AMT Manual,"13,739 km1st OwnerPetrol","₹362,299","₹8,059/month"," ₹28,000 OFF",Mumbai
2018 Datsun Redi Go,A Manual,"4,190 km1st OwnerPetrol","₹266,799","₹5,935/month"," ₹14,000 OFF",Mumbai
2016 Maruti Alto K10,VXI AMT ,"4,810 km1st OwnerPetrol","₹346,199","₹7,701/month"," ₹5,000 OFF",Mumbai
2017 Maruti Baleno,ZETA 1.2 K12 Manual,"9,398 km1st OwnerPetrol","₹570,899","₹12,699/month"," ₹30,000 OFF",Mumbai
2017 Hyundai Eon,MAGNA PLUS Manual,"1,140 km1st OwnerPetrol","₹346,999","₹7,719/month"," ₹21,000 OFF",Mumbai
2020 Maruti Dzire,VXI AMT Automatic,"3,000 km1st OwnerPetrol","₹758,599","₹16,875/month"," ₹25,000 OFF",Mumbai
2017 Hyundai i20 Active,1.2 SX Manual,"12,910 km1st OwnerPetrol","₹620,799","₹13,809/month"," ₹31,000 OFF",Mumbai
2018 Mahindra TUV300,T 10 MT Dual Tone Manual,"29,735 km2nd OwnerDiesel","₹777,999","₹17,306/month"," ₹17,000 OFF",Mumbai
2018 Hyundai Creta,1.6 SX PLUS AUTO PETROL Automatic,"36,550 km1st OwnerPetrol","₹1,129,999","₹25,136/month",,Mumbai
2017 Maruti Vitara Brezza,ZDI Manual,"47,948 km1st OwnerDiesel","₹714,899","₹15,903/month"," ₹38,000 OFF",Mumbai
2014 Hyundai Grand i10,MAGNA 1.2 KAPPA VTVT Manual,"19,399 km1st OwnerPetrol","₹387,099","₹8,611/month"," ₹44,000 OFF",Mumbai
2020 Mahindra Bolero,B6 (O) Manual,"15,137 km1st OwnerDiesel","₹885,188","₹19,691/month",,Mumbai
2015 Maruti Wagon R 1.0,LXI CNG Manual,"68,611 km3rd OwnerPetrol + CNG","₹332,799","₹7,403/month"," ₹5,000 OFF",Mumbai
2020 Skoda Rapid,1.0 AMBITION TSI MT Manual,"6,981 km1st OwnerPetrol","₹901,299","₹20,049/month"," ₹5,000 OFF",Mumbai
2017 Hyundai Creta,1.6 CRDI SX PLUS AUTO Automatic,"52,753 km1st OwnerDiesel","₹1,106,599","₹24,616/month"," ₹50,000 OFF",Mumbai
2018 Volkswagen Polo,Trendline 1.0 L Petrol Manual,"43,686 km1st OwnerPetrol","₹506,499","₹11,267/month"," ₹41,000 OFF",Mumbai
2014 Hyundai Xcent,S 1.2 Manual,"35,256 km1st OwnerPetrol","₹381,699","₹8,491/month"," ₹31,000 OFF",Mumbai
2016 Hyundai i20 Active,1.2 SX Manual,"18,494 km1st OwnerPetrol","₹604,199","₹13,440/month"," ₹32,000 OFF",Mumbai
2020 MG HECTOR,SHARP DCT PETROL ,"8,149 km1st OwnerPetrol","₹1,699,799","₹37,811/month"," ₹22,000 OFF",Mumbai
2019 Maruti Ertiga,VDI Manual,"31,584 km1st OwnerDiesel","₹857,499","₹19,075/month"," ₹6,000 OFF",Mumbai
,,,,,,Mumbai
,,,,,,Mumbai
2017 Hyundai Xcent,E PLUS Manual,"24,262 km1st OwnerPetrol + CNG","₹497,599","₹11,069/month"," ₹5,000 OFF",Mumbai
2014 Ford Figo,1.4 TITANIUM DURATORQ Manual,"43,237 km1st OwnerDiesel","₹303,999","₹6,762/month"," ₹16,000 OFF",Mumbai
2018 Maruti Vitara Brezza,ZDI PLUS DUAL TONE Manual,"59,639 km1st OwnerDiesel","₹849,099","₹18,888/month"," ₹30,000 OFF",Mumbai
2014 Hyundai Xcent,S 1.2 OPT Manual,"41,980 km1st OwnerPetrol","₹420,699","₹9,358/month"," ₹50,000 OFF",Mumbai
2016 Hyundai Creta,1.6 SX PLUS AUTO PETROL Automatic,"39,104 km1st OwnerPetrol","₹1,056,399","₹23,499/month"," ₹45,000 OFF",Mumbai
2018 Tata Hexa,Varicor 320 XE Manual,"29,404 km1st OwnerDiesel","₹1,122,599","₹24,972/month"," ₹50,000 OFF",Mumbai
2017 Toyota Innova Crysta,2.8 GX AT 7 STR Automatic,"44,371 km1st OwnerDiesel","₹1,545,899","₹34,388/month"," ₹50,000 OFF",Mumbai
2019 Hyundai VENUE,1.0 TURBO GDI SX+ AT Automatic,"26,448 km1st OwnerPetrol","₹1,081,099","₹24,048/month"," ₹6,000 OFF",Mumbai
2012 Honda Jazz,1.2 SELECT I VTEC Manual,"65,710 km2nd OwnerPetrol","₹323,899","₹7,205/month"," ₹17,000 OFF",Mumbai
2015 Ford Ecosport,1.5 TITANIUM TI VCT Manual,"27,468 km1st OwnerPetrol","₹523,499","₹11,645/month"," ₹28,000 OFF",Mumbai
2020 Maruti Ertiga,VXI CNG Manual,"32,402 km1st OwnerPetrol + CNG","₹1,030,799","₹22,930/month"," ₹13,000 OFF",Mumbai
2015 Ford Ecosport,1.5TITANIUM TDCI Manual,"62,314 km2nd OwnerDiesel","₹541,699","₹12,050/month"," ₹5,000 OFF",Mumbai
2020 Maruti Swift,VXI Manual,"1,550 km1st OwnerPetrol","₹627,799","₹13,965/month"," ₹12,000 OFF",Mumbai
2016 Hyundai Grand i10,SPORTS 1.2 VTVT Manual,"53,881 km1st OwnerPetrol","₹408,799","₹9,094/month"," ₹12,000 OFF",Mumbai
2017 Maruti Baleno,ZETA 1.2 K12 Manual,"48,530 km1st OwnerPetrol","₹533,999","₹11,879/month"," ₹29,000 OFF",Mumbai
2018 Maruti Ciaz,ZETA 1.4 VVT AMT Automatic,"31,002 km1st OwnerPetrol","₹808,499","₹17,985/month"," ₹9,000 OFF",Mumbai
2017 Honda City,ZX CVT Automatic,"44,106 km1st OwnerPetrol","₹911,099","₹20,267/month"," ₹5,000 OFF",Mumbai
2019 Renault Kwid,RXL Manual,"10,737 km1st OwnerPetrol","₹390,599","₹8,689/month"," ₹15,000 OFF",Mumbai
2017 Maruti Vitara Brezza,VDI OPT Manual,"46,304 km1st OwnerDiesel","₹670,499","₹14,915/month"," ₹43,000 OFF",Mumbai
2019 Honda Amaze,VX AT I DTEC Automatic,"23,810 km2nd OwnerDiesel","₹775,499","₹17,251/month"," ₹50,000 OFF",Mumbai
,,,,,,Mumbai
,,,,,,Mumbai
2018 Hyundai Verna,1.6 CRDI SX + AT Automatic,"12,729 km1st OwnerDiesel","₹1,084,299","₹24,120/month"," ₹38,000 OFF",Mumbai
2013 Hyundai i20,SPORTZ 1.2 VTVT Manual,"22,785 km2nd OwnerPetrol","₹373,999","₹8,319/month"," ₹5,000 OFF",Mumbai
2018 Honda Amaze,1.2 VXMT I VTEC Manual,"14,604 km1st OwnerPetrol","₹640,799","₹14,254/month"," ₹33,000 OFF",Mumbai
2018 Maruti Ciaz,ALPHA 1.3 DDIS SHVS Manual,"15,511 km1st OwnerDiesel","₹898,799","₹19,993/month"," ₹50,000 OFF",Mumbai
2011 Hyundai i10,SPORTZ 1.2 AT KAPPA2 Automatic,"23,073 km2nd OwnerPetrol","₹228,699","₹5,087/month"," ₹12,000 OFF",Mumbai
2012 Maruti Swift Dzire,VXI 1.2 BS IV Manual,"49,478 km1st OwnerPetrol","₹364,099","₹8,099/month"," ₹29,000 OFF",Mumbai
2016 Hyundai Grand i10,ASTA AT 1.2 KAPPA VTVT Manual,"29,826 km1st OwnerPetrol","₹419,999","₹9,343/month"," ₹50,000 OFF",Mumbai
2014 Hyundai Grand i10,MAGNA 1.2 KAPPA VTVT Manual,"52,072 km1st OwnerPetrol","₹402,899","₹8,962/month"," ₹8,000 OFF",Mumbai
2019 Ford Ecosport,1.5 TITANIUM THUNDER EDITION TI TDCI Manual,"17,152 km1st OwnerDiesel","₹926,299","₹20,605/month"," ₹5,000 OFF",Mumbai
2019 Renault Kwid,RXT 1.0 EASY-R AT OPTION Automatic,"7,547 km1st OwnerPetrol","₹483,599","₹10,757/month"," ₹5,000 OFF",Mumbai
2018 Maruti Swift,VDI Manual,"5,284 km1st OwnerDiesel","₹650,399","₹14,468/month"," ₹5,000 OFF",Mumbai
2015 Maruti Celerio,VXI Manual,"21,306 km1st OwnerPetrol","₹378,199","₹8,413/month"," ₹20,000 OFF",Mumbai
2017 Hyundai Grand i10,Sportz(O) 1.2 MT Manual,"8,592 km1st OwnerPetrol","₹504,199","₹11,216/month"," ₹14,000 OFF",Mumbai
2013 Maruti Swift,VDI Manual,"35,212 km1st OwnerDiesel","₹414,199","₹9,214/month"," ₹5,000 OFF",Mumbai
2013 Honda Brio,1.2 VX AT I VTEC Automatic,"56,857 km1st OwnerPetrol","₹342,199","₹7,612/month"," ₹37,000 OFF",Mumbai
2018 Maruti Vitara Brezza,ZDI + AMT Automatic,"35,944 km1st OwnerDiesel","₹946,499","₹21,054/month"," ₹19,000 OFF",Mumbai
2017 Maruti Alto K10,LXI CNG (O) Manual,"1,519 km1st OwnerPetrol + CNG","₹357,699","₹7,957/month"," ₹5,000 OFF",Mumbai
2016 Datsun Redi Go,T (O) Manual,"48,135 km1st OwnerPetrol","₹232,599","₹5,174/month"," ₹13,000 OFF",Mumbai
2014 Maruti Wagon R Stingray,VXI Manual,"59,494 km1st OwnerPetrol + CNG","₹324,999","₹7,229/month"," ₹5,000 OFF",Mumbai
2017 Volkswagen Polo,GT TSI 1.2 PETROL AT Automatic,"12,773 km1st OwnerPetrol","₹747,099","₹16,619/month"," ₹40,000 OFF",Mumbai
,,,,,,Mumbai
,,,,,,Mumbai
2017 Renault Kwid,RXT Manual,"29,055 km1st OwnerPetrol","₹319,999","₹7,118/month"," ₹5,000 OFF",Mumbai
2019 Maruti New  Wagon-R,VXI 1.0 ,"3,555 km1st OwnerPetrol","₹521,899","₹11,609/month"," ₹30,000 OFF",Mumbai
2020 Maruti New  Wagon-R,LXI CNG 1.0 L Manual,"9,595 km1st OwnerPetrol + CNG","₹589,399","₹13,111/month"," ₹31,000 OFF",Mumbai
2016 Maruti Wagon R 1.0,VXI AMT Automatic,"19,759 km1st OwnerPetrol","₹413,399","₹9,196/month"," ₹22,000 OFF",Mumbai
2017 Maruti IGNIS,DELTA 1.2 K12 Manual,"12,099 km1st OwnerPetrol","₹476,599","₹10,602/month"," ₹5,000 OFF",Mumbai
2017 Maruti Celerio,VXI CNG Manual,"25,109 km1st OwnerPetrol + CNG","₹429,399","₹9,552/month"," ₹16,000 OFF",Mumbai
2017 Maruti Ertiga,VDI SHVS Manual,"46,339 km1st OwnerDiesel","₹770,599","₹17,142/month"," ₹5,000 OFF",Mumbai
2018 Maruti Ciaz,DELTA 1.5 SHVS VVT Manual,"14,122 km1st OwnerPetrol","₹712,699","₹15,854/month"," ₹14,000 OFF",Mumbai
2017 Hyundai Elite i20,SPORTZ 1.4 Manual,"68,595 km2nd OwnerDiesel","₹592,399","₹13,178/month"," ₹50,000 OFF",Mumbai
2015 BMW 3 Series,320D LUXURYLINE Automatic,"63,677 km2nd OwnerDiesel","₹1,398,899","₹31,118/month"," ₹17,000 OFF",Mumbai
2017 Hyundai Creta,1.6 E + VTVT Manual,"24,626 km1st OwnerPetrol","₹821,899","₹18,283/month"," ₹44,000 OFF",Mumbai
2017 Hyundai Elite i20,SPORTZ 1.2 Manual,"6,610 km1st OwnerPetrol","₹593,799","₹13,209/month"," ₹20,000 OFF",Mumbai
2016 Honda BR-V,1.5 i-VTEC V CVT Automatic,"35,112 km1st OwnerPetrol","₹781,999","₹17,395/month"," ₹42,000 OFF",Mumbai
2015 Hyundai Verna,FLUIDIC 1.6 VTVT S (O)  MT Manual,"25,274 km1st OwnerPetrol","₹504,299","₹11,218/month"," ₹27,000 OFF",Mumbai
2019 Volkswagen Polo,GT TSI Automatic,"35,675 km1st OwnerPetrol","₹770,199","₹17,133/month"," ₹5,000 OFF",Mumbai
2016 Hyundai Elite i20,SPORTZ 1.2 Manual,"56,445 km2nd OwnerPetrol","₹493,899","₹10,987/month"," ₹23,000 OFF",Mumbai
2021 Maruti XL6,ALPHA AT SHVS Automatic,"9,153 km1st OwnerPetrol","₹1,190,299","₹26,478/month"," ₹5,000 OFF",Mumbai
2014 Maruti Ciaz,ZXI Manual,"93,091 km1st OwnerPetrol","₹515,499","₹11,467/month"," ₹29,000 OFF",Mumbai
2018 Maruti S Cross,SIGMA SHVS Manual,"37,002 km1st OwnerDiesel","₹780,199","₹17,355/month"," ₹39,000 OFF",Mumbai
2016 Maruti Ertiga,ZDI SHVS Manual,"51,157 km1st OwnerDiesel","₹781,099","₹17,375/month"," ₹40,000 OFF",Mumbai
,,,,,,Mumbai
,,,,,,Mumbai
2015 Maruti Ciaz,VDI Manual,"161,918 km1st OwnerDiesel","₹528,299","₹11,752/month"," ₹28,000 OFF",Mumbai
2019 Hyundai Grand i10,MAGNA 1.2 KAPPA VTVT Manual,"7,469 km1st OwnerPetrol","₹540,199","₹12,016/month"," ₹30,000 OFF",Mumbai
2017 Maruti Dzire,VXI AMT Automatic,"67,513 km1st OwnerPetrol","₹620,599","₹13,805/month"," ₹49,000 OFF",Mumbai
2019 Hyundai VENUE,1.0L Turbo GDI SX(O) MT Manual,"8,924 km1st OwnerPetrol","₹989,499","₹22,011/month"," ₹50,000 OFF",Mumbai
2017 Hyundai New Elantra,1.6 SX AT O Automatic,"69,070 km1st OwnerDiesel","₹1,168,099","₹25,984/month"," ₹5,000 OFF",Mumbai
2018 Hyundai Verna,1.6 SX (O) CRDI MT Manual,"35,363 km1st OwnerDiesel","₹1,030,799","₹22,930/month"," ₹50,000 OFF",Mumbai
2014 Maruti Celerio,VXI Manual,"33,246 km1st OwnerPetrol","₹407,599","₹9,067/month"," ₹15,000 OFF",Mumbai
2019 Hyundai Elite i20,1.2 SPORTS PLUS VTVT Manual,"13,240 km1st OwnerPetrol","₹734,099","₹16,330/month"," ₹17,000 OFF",Mumbai
2018 Tata NEXON,XZA + 1.2 PETROL A/T Automatic,"18,534 km1st OwnerPetrol","₹859,199","₹19,112/month"," ₹5,000 OFF",Mumbai
2019 KIA SELTOS,HTK 1.5 PETROL Manual,"12,872 km1st OwnerPetrol","₹1,203,199","₹26,764/month"," ₹6,000 OFF",Mumbai
2014 Ford Ecosport,1.5 TREND TI VCT Manual,"41,955 km1st OwnerPetrol","₹451,099","₹10,034/month"," ₹34,000 OFF",Mumbai
2018 Maruti Baleno,DELTA 1.2 K12 Manual,"25,115 km1st OwnerPetrol","₹600,899","₹13,367/month"," ₹6,000 OFF",Mumbai
2019 KIA SELTOS,HTX+ AT 1.5 DIESEL Automatic,"34,292 km1st OwnerDiesel","₹1,612,099","₹35,860/month"," ₹49,000 OFF",Mumbai
2019 KIA SELTOS,GTX 1.4 GDI AT PETROL Automatic,"20,989 km1st OwnerPetrol","₹1,554,799","₹34,586/month"," ₹28,000 OFF",Mumbai
2020 Maruti Dzire,VXI AMT Automatic,"15,315 km1st OwnerPetrol","₹662,899","₹14,746/month"," ₹31,000 OFF",Mumbai
2018 Ford Ecosport,TREND + 1.5 TI VCT AT Manual,"20,282 km2nd OwnerPetrol","₹720,999","₹16,038/month"," ₹31,000 OFF",Mumbai
2017 Maruti IGNIS,ZETA 1.2 K12 AMT Automatic,"16,256 km1st OwnerPetrol","₹532,899","₹11,854/month"," ₹33,000 OFF",Mumbai
2017 Maruti IGNIS,DELTA 1.2 K12 Manual,"24,753 km1st OwnerPetrol","₹504,599","₹11,225/month"," ₹23,000 OFF",Mumbai
2017 Maruti IGNIS,DELTA 1.2 K12 Manual,"41,139 km1st OwnerPetrol","₹493,599","₹10,980/month"," ₹23,000 OFF",Mumbai
2015 Hyundai Grand i10,ASTA 1.2 VTVT Manual,"80,058 km1st OwnerPetrol","₹387,099","₹8,611/month"," ₹19,000 OFF",Mumbai
,,,,,,Mumbai
,,,,,,Mumbai
2018 Nissan Micra,XL CVT (PETROL) Automatic,"14,360 km1st OwnerPetrol","₹622,099","₹13,838/month"," ₹38,000 OFF",Mumbai
2018 Maruti Baleno,ZETA 1.2 K12 Manual,"23,172 km1st OwnerPetrol","₹637,699","₹14,185/month"," ₹14,000 OFF",Mumbai
2016 Hyundai Elite i20,SPORTZ 1.2 Manual,"84,580 km1st OwnerPetrol","₹559,999","₹12,457/month"," ₹19,000 OFF",Mumbai
2017 Hyundai Elite i20,ASTA 1.2 Manual,"25,111 km1st OwnerPetrol","₹609,299","₹13,554/month"," ₹12,000 OFF",Mumbai
2017 Maruti IGNIS,DELTA 1.2 K12 Manual,"30,608 km1st OwnerPetrol","₹415,099","₹9,234/month"," ₹22,000 OFF",Mumbai
2012 Hyundai i20,MAGNA O 1.2 Manual,"31,372 km1st OwnerPetrol","₹397,199","₹8,835/month"," ₹21,000 OFF",Mumbai
2015 Honda Brio,1.2 S MT I VTEC Manual,"41,406 km1st OwnerPetrol","₹358,199","₹7,968/month"," ₹19,000 OFF",Mumbai
2018 Hyundai Elite i20,ASTA 1.2 AT ,"10,222 km1st OwnerPetrol","₹772,099","₹17,175/month"," ₹5,000 OFF",Mumbai
2017 Maruti Baleno,DELTA 1.2 K12 Manual,"19,149 km1st OwnerPetrol","₹587,199","₹13,062/month"," ₹14,000 OFF",Mumbai
2020 MG HECTOR,SMART DCT PETROL Automatic,"9,047 km1st OwnerPetrol","₹1,626,099","₹36,172/month"," ₹50,000 OFF",Mumbai
2016 Maruti Baleno,DELTA 1.2 K12 Manual,"58,063 km2nd OwnerPetrol","₹548,399","₹12,199/month"," ₹5,000 OFF",Mumbai
2016 Toyota Fortuner,3.0 AT 4X2 Automatic,"171,099 km1st OwnerDiesel","₹1,747,199","₹38,865/month"," ₹50,000 OFF",Mumbai
2014 Honda Amaze,1.5 SX MT I DTEC Manual,"54,831 km1st OwnerDiesel","₹369,499","₹8,219/month"," ₹34,000 OFF",Mumbai
2016 Maruti Baleno,DELTA DDIS 190 Manual,"96,899 km1st OwnerDiesel","₹568,999","₹12,657/month"," ₹5,000 OFF",Mumbai
2018 Maruti Swift,VXI Manual,"108,532 km1st OwnerPetrol","₹537,299","₹11,952/month"," ₹29,000 OFF",Mumbai
2012 Maruti Alto,LXI Manual,"5,126 km1st OwnerPetrol","₹203,899","₹4,536/month"," ₹28,000 OFF",Mumbai
2019 Maruti Baleno,ZETA 1.2 K12 Manual,"10,357 km1st OwnerPetrol","₹698,299","₹15,533/month"," ₹23,000 OFF",Mumbai
2016 Maruti Celerio,VXI AMT Automatic,"51,815 km2nd OwnerPetrol","₹391,399","₹8,706/month"," ₹18,000 OFF",Mumbai
2017 Maruti Baleno,DELTA 1.2 K12 Manual,"18,994 km1st OwnerPetrol","₹609,299","₹13,554/month"," ₹45,000 OFF",Mumbai
2018 Ford Ecosport,1.0 ECOBOOST TITANIUM SPORTS(SUNROOF) Manual,"17,005 km2nd OwnerPetrol","₹915,199","₹20,358/month"," ₹5,000 OFF",Mumbai
,,,,,,Mumbai
,,,,,,Mumbai
2017 Maruti Vitara Brezza,VDI Manual,"24,367 km1st OwnerDiesel","₹714,899","₹15,903/month"," ₹50,000 OFF",Mumbai
2019 Maruti Vitara Brezza,VDI AMT Manual,"67,109 km1st OwnerDiesel","₹775,099","₹17,242/month"," ₹18,000 OFF",Mumbai
2020 Maruti Vitara Brezza,ZXI + Manual,"18,943 km1st OwnerPetrol","₹917,499","₹20,409/month"," ₹5,000 OFF",Mumbai
2017 Maruti S Cross,ZETA SHVS Manual,"80,900 km1st OwnerDiesel","₹854,099","₹18,999/month"," ₹5,000 OFF",Mumbai
2017 Maruti Baleno,DELTA 1.2 K12 Manual,"21,954 km1st OwnerPetrol","₹555,599","₹12,359/month"," ₹5,000 OFF",Mumbai
2020 KIA SELTOS,GTX + AT PETROL ,"2,787 km1st OwnerPetrol","₹1,969,399","₹43,808/month"," ₹45,000 OFF",Mumbai
2017 Maruti Swift,ZXI Manual,"14,505 km1st OwnerPetrol","₹543,299","₹12,085/month"," ₹38,000 OFF",Mumbai
2013 Maruti Swift Dzire,VDI BS IV Manual,"74,296 km1st OwnerDiesel","₹528,199","₹11,749/month"," ₹50,000 OFF",Mumbai
2016 Hyundai Grand i10,ASTA 1.2 (O) VTVT Manual,"46,758 km1st OwnerPetrol","₹463,799","₹10,317/month"," ₹5,000 OFF",Mumbai
2020 Ford Ecosport,1.5TITANIUM TDCI Manual,"7,261 km1st OwnerDiesel","₹1,011,099","₹22,491/month"," ₹32,000 OFF",Mumbai
2017 Hyundai Grand i10,magna 1.2 crdi Manual,"32,683 km1st OwnerDiesel","₹489,199","₹10,882/month"," ₹33,000 OFF",Mumbai
2016 Maruti Celerio,ZXI Manual,"39,682 km1st OwnerPetrol","₹419,599","₹9,334/month"," ₹18,000 OFF",Mumbai
2015 Maruti Alto K10,VXI Manual,"64,611 km1st OwnerPetrol","₹313,999","₹6,985/month"," ₹6,000 OFF",Mumbai
2017 Hyundai Grand i10,MAGNA 1.2 KAPPA VTVT Manual,"20,910 km1st OwnerPetrol","₹499,799","₹11,118/month"," ₹12,000 OFF",Mumbai
2019 Maruti Baleno,ZETA 1.2 K12 Manual,"10,458 km1st OwnerPetrol","₹695,599","₹15,473/month"," ₹11,000 OFF",Mumbai
2019 Renault Kwid,RXT 1.0 EASY-R AT OPTION Automatic,"17,595 km1st OwnerPetrol","₹426,299","₹9,483/month"," ₹23,000 OFF",Mumbai
2017 Maruti Vitara Brezza,VDI OPT Manual,"98,197 km1st OwnerDiesel","₹754,699","₹16,788/month"," ₹40,000 OFF",Mumbai
2015 Hyundai Grand i10,ASTA 1.2 KAPPA VTVT Manual,"63,175 km3rd OwnerPetrol","₹428,999","₹9,543/month"," ₹16,000 OFF",Mumbai
2017 Maruti Alto 800,LXI OPT Manual,"54,305 km1st OwnerPetrol","₹300,099","₹6,676/month"," ₹11,000 OFF",Mumbai
2018 Maruti Dzire,VDI AMT Automatic,"38,211 km1st OwnerDiesel","₹737,899","₹16,414/month"," ₹38,000 OFF",Mumbai
,,,,,,Mumbai
,,,,,,Mumbai
2016 Hyundai Grand i10,ASTA 1.2 (O) VTVT Manual,"36,247 km2nd OwnerPetrol","₹485,199","₹10,793/month"," ₹20,000 OFF",Mumbai
2018 Maruti Vitara Brezza,ZDI+ DUAL TONE AMT ,"38,175 km1st OwnerDiesel","₹921,299","₹20,494/month"," ₹50,000 OFF",Mumbai
2018 Maruti Celerio,VXI AMT Automatic,"20,753 km2nd OwnerPetrol","₹463,399","₹10,308/month"," ₹10,000 OFF",Mumbai
2019 Hyundai NEW SANTRO,SPORTZ 1.1 ,"2,639 km1st OwnerPetrol","₹549,399","₹12,221/month"," ₹5,000 OFF",Mumbai
2017 Hyundai Creta,1.6 CRDI SX PLUS AUTO Automatic,"97,226 km1st OwnerDiesel","₹1,128,199","₹25,096/month"," ₹10,000 OFF",Mumbai
2018 Maruti Dzire,VDI Manual,"64,285 km1st OwnerDiesel","₹730,799","₹16,256/month"," ₹17,000 OFF",Mumbai
2019 Ford Ecosport,1.5 TITANIUM PLUS TI VCT AT Manual,"22,773 km1st OwnerPetrol","₹957,199","₹21,292/month"," ₹5,000 OFF",Mumbai
2014 Maruti Alto 800,LXI Manual,"46,886 km2nd OwnerPetrol","₹269,899","₹6,004/month"," ₹20,000 OFF",Mumbai
2013 Maruti Swift Dzire,VXI 1.2 BS IV Manual,"27,784 km1st OwnerPetrol","₹459,199","₹10,215/month"," ₹25,000 OFF",Mumbai
2017 Maruti Alto 800,VXI Manual,"33,925 km1st OwnerPetrol","₹303,199","₹6,744/month"," ₹16,000 OFF",Mumbai
2017 Maruti Celerio,ZXI Manual,"4,520 km1st OwnerPetrol","₹461,499","₹10,266/month"," ₹12,000 OFF",Mumbai
2018 Maruti Celerio,ZXI Manual,"10,199 km1st OwnerPetrol","₹456,199","₹10,148/month"," ₹38,000 OFF",Mumbai
2015 Maruti Alto 800,LXI Manual,"32,560 km2nd OwnerPetrol","₹258,399","₹5,748/month"," ₹17,000 OFF",Mumbai
2015 Maruti Alto K10,VXI Manual,"25,490 km1st OwnerPetrol","₹326,399","₹7,261/month"," ₹21,000 OFF",Mumbai
2017 Hyundai Grand i10,SPORTZ (O) 1.2 AT VTVT Manual,"27,268 km1st OwnerPetrol","₹546,599","₹12,159/month"," ₹35,000 OFF",Mumbai
2015 Maruti Alto K10,VXI AMT Manual,"9,226 km1st OwnerPetrol","₹336,599","₹7,487/month"," ₹10,000 OFF",Mumbai
2018 Maruti Alto K10,VXI (O) AMT Manual,"19,746 km1st OwnerPetrol","₹381,199","₹8,480/month"," ₹5,000 OFF",Mumbai
2018 Maruti Alto K10,VXI (O) AMT Manual,"14,908 km3rd OwnerPetrol","₹384,699","₹8,557/month"," ₹25,000 OFF",Mumbai
2017 Maruti Alto 800,LXI Manual,"18,797 km1st OwnerPetrol","₹323,899","₹7,205/month"," ₹15,000 OFF",Mumbai
2018 Maruti Alto 800,LXI Manual,"27,957 km1st OwnerPetrol","₹324,299","₹7,214/month"," ₹18,000 OFF",Mumbai
,,,,,,Mumbai
,,,,,,Mumbai
2017 Maruti Alto 800,LXI Manual,"22,244 km1st OwnerPetrol","₹326,599","₹7,265/month"," ₹15,000 OFF",Mumbai
2014 Maruti Celerio,VXI Manual,"64,208 km1st OwnerPetrol","₹384,899","₹8,562/month"," ₹28,000 OFF",Mumbai
2012 Hyundai i20,SPORTZ 1.2 VTVT Manual,"23,044 km1st OwnerPetrol","₹332,299","₹7,392/month"," ₹5,000 OFF",Mumbai
2016 Hyundai Elite i20,ASTA 1.2 (O) Manual,"44,528 km3rd OwnerPetrol","₹540,799","₹12,030/month"," ₹15,000 OFF",Mumbai
2019 Maruti Ertiga,ZDI PLUS SHVS Manual,"24,585 km1st OwnerDiesel","₹1,206,899","₹26,847/month"," ₹38,000 OFF",Mumbai
2019 Maruti Vitara Brezza,ZDI Manual,"31,803 km1st OwnerDiesel","₹916,799","₹20,394/month"," ₹8,000 OFF",Mumbai
2014 Maruti Wagon R 1.0,VXI Manual,"73,032 km1st OwnerPetrol","₹320,099","₹7,120/month"," ₹17,000 OFF",Mumbai
2017 Honda Jazz,1.2 V AT Automatic,"48,106 km2nd OwnerPetrol","₹606,299","₹13,487/month"," ₹30,000 OFF",Mumbai
2012 Volkswagen Polo,HIGHLINE1.2L DIESEL Manual,"67,595 km2nd OwnerDiesel","₹258,399","₹5,748/month"," ₹5,000 OFF",Mumbai
2013 Skoda Rapid,1.6 TDI MT AMBITION PLUS Manual,"79,565 km1st OwnerDiesel","₹372,999","₹8,297/month"," ₹20,000 OFF",Mumbai
2011 Honda City,S MT PETROL Manual,"101,973 km2nd OwnerPetrol","₹306,899","₹6,827/month"," ₹17,000 OFF",Mumbai
2018 Tata Tiago,XE 1.2 REVOTRON Manual,"12,651 km1st OwnerPetrol","₹377,999","₹8,408/month"," ₹18,000 OFF",Mumbai
2020 KIA SELTOS,HTK 1.5 PETROL Manual,"22,656 km1st OwnerPetrol","₹1,195,699","₹26,598/month"," ₹32,000 OFF",Mumbai
2016 Volkswagen Ameo,HIGHLINE 1.2 Manual,"52,783 km1st OwnerPetrol","₹456,499","₹10,155/month"," ₹10,000 OFF",Mumbai
2015 Skoda Octavia,ELEGANCE 1.8 TSI AT Automatic,"93,768 km1st OwnerPetrol","₹803,499","₹17,873/month",,Mumbai
2015 Maruti Ciaz,ZDI+ SHVS Manual,"125,499 km1st OwnerDiesel","₹589,299","₹13,109/month"," ₹31,000 OFF",Mumbai
2016 Volkswagen Ameo,HIGHLINE 1.2 Manual,"39,132 km2nd OwnerPetrol","₹474,499","₹10,555/month"," ₹10,000 OFF",Mumbai
2015 Maruti Swift Dzire,VXI 1.2 BS IV Manual,"95,918 km1st OwnerPetrol","₹422,999","₹9,409/month"," ₹31,000 OFF",Mumbai
2017 Maruti Swift,VXI LIMITED EDITION Manual,"28,108 km1st OwnerPetrol","₹416,699","₹9,269/month"," ₹22,000 OFF",Mumbai
2014 Maruti Celerio,VXI AMT Automatic,"15,647 km1st OwnerPetrol","₹370,399","₹8,239/month"," ₹12,000 OFF",Mumbai
,,,,,,Mumbai
,,,,,,Mumbai
2015 Hyundai Creta,1.6 SX CRDI Manual,"102,938 km1st OwnerDiesel","₹774,299","₹17,224/month"," ₹35,000 OFF",Mumbai
2019 Hyundai Verna,1.6 SX VTVT Manual,"11,728 km1st OwnerPetrol","₹893,199","₹19,869/month"," ₹5,000 OFF",Mumbai
2018 Volkswagen Polo,HIGH LINE PLUS 1.0 Manual,"9,207 km1st OwnerPetrol","₹655,499","₹14,581/month"," ₹20,000 OFF",Mumbai
2015 Maruti Alto K10,VXI Manual,"12,341 km2nd OwnerPetrol","₹311,499","₹6,929/month"," ₹32,000 OFF",Mumbai
2019 Tata Harrier,XZ 2.0L Kryotec Manual,"22,757 km1st OwnerDiesel","₹1,496,999","₹33,300/month"," ₹40,000 OFF",Mumbai
2018 Tata Tiago,XZ 1.2 REVOTRON Manual,"25,032 km1st OwnerPetrol","₹451,199","₹10,037/month"," ₹24,000 OFF",Mumbai
2017 Maruti Vitara Brezza,LDI OPT Manual,"70,598 km1st OwnerDiesel","₹625,799","₹13,921/month"," ₹48,000 OFF",Mumbai
2018 Ford Ecosport,TREND + 1.5 TI VCT AT ,"12,488 km1st OwnerPetrol","₹749,699","₹16,677/month"," ₹12,000 OFF",Mumbai
2016 Hyundai Verna,FLUIDIC 1.6 VTVT S Manual,"6,319 km3rd OwnerPetrol","₹520,599","₹11,580/month"," ₹28,000 OFF",Mumbai
2017 Hyundai Xcent,E PLUS Manual,"45,922 km1st OwnerPetrol","₹462,099","₹10,279/month"," ₹50,000 OFF",Mumbai
2016 Hyundai i20 Active,1.2 S Manual,"20,933 km1st OwnerPetrol","₹570,599","₹12,693/month"," ₹14,000 OFF",Mumbai
2019 Honda Civic,VX CVT i-VTEC Automatic,"15,611 km1st OwnerPetrol","₹1,429,999","₹31,810/month"," ₹50,000 OFF",Mumbai
2015 Hyundai Elite i20,MAGNA 1.4 CRDI Manual,"104,937 km1st OwnerDiesel","₹471,499","₹10,488/month"," ₹11,000 OFF",Mumbai
2009 Maruti A Star,VXI Manual,"94,540 km1st OwnerPetrol","₹186,799","₹4,155/month"," ₹10,000 OFF",Mumbai
2017 Hyundai Xcent,S 1.2 Manual,"31,123 km1st OwnerPetrol","₹448,199","₹9,970/month"," ₹24,000 OFF",Mumbai
2016 Maruti Vitara Brezza,ZDI PLUS DUAL TONE Manual,"96,919 km2nd OwnerDiesel","₹672,399","₹14,957/month"," ₹50,000 OFF",Mumbai
2016 Volkswagen Ameo,HIGHLINE 1.2 Manual,"32,750 km2nd OwnerPetrol","₹473,299","₹10,528/month"," ₹27,000 OFF",Mumbai
2015 Honda City,SV CVT PETROL Automatic,"38,714 km2nd OwnerPetrol","₹552,299","₹12,286/month"," ₹30,000 OFF",Mumbai
2016 Maruti Ertiga,VDI SHVS Manual,"130,674 km1st OwnerDiesel","₹648,899","₹14,434/month"," ₹35,000 OFF",Mumbai
2014 Hyundai Elite i20,ASTA 1.2 Manual,"80,954 km1st OwnerPetrol","₹516,499","₹11,489/month"," ₹8,000 OFF",Mumbai
,,,,,,Mumbai
,,,,,,Mumbai
2019 Hyundai GRAND I10 NIOS,SPORTZ 1.2 AT Automatic,"13,922 km1st OwnerPetrol","₹650,999","₹14,481/month"," ₹11,000 OFF",Mumbai
2019 Hyundai GRAND I10 NIOS,SPORTZ 1.2 AT Automatic,"2,047 km1st OwnerPetrol","₹709,599","₹15,785/month"," ₹21,000 OFF",Mumbai
2015 Maruti Ertiga,ZDI Manual,"49,628 km1st OwnerDiesel","₹645,499","₹14,359/month"," ₹50,000 OFF",Mumbai
2013 Honda Amaze,1.2 EXMT I VTEC Manual,"15,271 km1st OwnerPetrol","₹414,599","₹9,223/month"," ₹22,000 OFF",Mumbai
2017 Tata Hexa,Varicor 400 XT Manual,"99,380 km1st OwnerDiesel","₹898,299","₹19,982/month"," ₹21,000 OFF",Mumbai
2014 Hyundai Verna,FLUIDIC 1.6 SX VTVT Manual,"36,279 km1st OwnerPetrol","₹528,899","₹11,765/month"," ₹28,000 OFF",Mumbai
2016 Hyundai Creta,1.6 SX PLUS AUTO PETROL Automatic,"14,897 km1st OwnerPetrol","₹989,499","₹22,011/month"," ₹50,000 OFF",Mumbai
2016 Hyundai Elite i20,MAGNA 1.2 Manual,"22,594 km1st OwnerPetrol","₹510,299","₹11,351/month"," ₹30,000 OFF",Mumbai
2017 Tata Tiago,XZ 1.2 REVOTRON Manual,"16,358 km1st OwnerPetrol","₹397,099","₹8,833/month"," ₹5,000 OFF",Mumbai
2017 Maruti Dzire,ZXI AMT Automatic,"116,512 km1st OwnerPetrol","₹575,499","₹12,802/month"," ₹18,000 OFF",Mumbai
2017 Hyundai Elite i20,Magna Executive 1.2 Manual,"40,991 km1st OwnerPetrol","₹525,999","₹11,701/month"," ₹17,000 OFF",Mumbai
2016 Ford Ecosport,1.5 TREND TI VCT Manual,"23,304 km1st OwnerPetrol","₹621,299","₹13,820/month"," ₹6,000 OFF",Mumbai
2014 Hyundai Eon,SPORTZ Manual,"63,171 km1st OwnerPetrol","₹240,399","₹5,348/month"," ₹50,000 OFF",Mumbai
2011 Honda Jazz,1.2 SELECT I VTEC Manual,"121,543 km1st OwnerPetrol","₹252,399","₹5,614/month"," ₹14,000 OFF",Mumbai
2016 Hyundai Elite i20,MAGNA 1.2 Manual,"28,761 km1st OwnerPetrol","₹507,999","₹11,300/month"," ₹50,000 OFF",Mumbai
2017 Maruti Vitara Brezza,ZDI Manual,"74,197 km1st OwnerDiesel","₹652,299","₹14,510/month"," ₹50,000 OFF",Mumbai
2016 Ford Ecosport,1.5TITANIUM TDCI Manual,"86,474 km1st OwnerDiesel","₹594,399","₹13,222/month"," ₹27,000 OFF",Mumbai
2016 Ford Ecosport,1.5TITANIUM TDCI Manual,"51,849 km1st OwnerDiesel","₹612,399","₹13,622/month"," ₹35,000 OFF",Mumbai
2017 Tata Tiago,XZ 1.2 REVOTRON Manual,"26,102 km1st OwnerPetrol","₹463,199","₹10,304/month"," ₹26,000 OFF",Mumbai
2018 Maruti Ciaz,ALPHA 1.3 DDIS SHVS Manual,"50,685 km1st OwnerDiesel","₹772,199","₹17,177/month"," ₹50,000 OFF",Mumbai
,,,,,,Mumbai
,,,,,,Mumbai
2014 Ford Ecosport,1.0 ECOBOOST TITANIUM OPT Manual,"44,165 km1st OwnerPetrol","₹466,999","₹10,388/month"," ₹25,000 OFF",Mumbai
2013 Hyundai Eon,MAGNA PLUS Manual,"13,809 km1st OwnerPetrol","₹219,699","₹4,887/month"," ₹12,000 OFF",Mumbai
2015 Toyota Innova,2.5 VX 7 STR BS IV Manual,"89,358 km3rd OwnerDiesel","₹905,099","₹20,133/month"," ₹21,000 OFF",Mumbai
2012 Maruti Swift,ZXI Manual,"78,889 km1st OwnerPetrol","₹378,499","₹8,420/month"," ₹13,000 OFF",Mumbai
2013 Maruti Ritz,VXI BS IV Manual,"21,445 km2nd OwnerPetrol","₹323,899","₹7,205/month"," ₹17,000 OFF",Mumbai
2018 Maruti S Cross,ZETA 1.3 SHVS Manual,"19,001 km1st OwnerDiesel","₹814,699","₹18,123/month"," ₹10,000 OFF",Mumbai
2016 Maruti Swift,VXI Manual,"39,608 km1st OwnerPetrol","₹411,099","₹9,145/month"," ₹5,000 OFF",Mumbai
2016 Maruti Swift Dzire,VXI 1.2 BS IV Manual,"85,566 km1st OwnerPetrol","₹530,899","₹11,810/month"," ₹28,000 OFF",Mumbai
2016 Maruti Celerio,VDI Manual,"84,347 km1st OwnerDiesel","₹382,899","₹8,517/month"," ₹21,000 OFF",Mumbai
2018 Hyundai Creta,1.6 SX VTVT Manual,"15,061 km1st OwnerPetrol","₹1,019,299","₹22,674/month"," ₹33,000 OFF",Mumbai
2015 Maruti Swift,VXI Manual,"62,081 km1st OwnerPetrol","₹441,199","₹9,814/month"," ₹25,000 OFF",Mumbai
2018 Ford Ecosport,1.5 TITANIUM TI VCT Manual,"8,925 km1st OwnerPetrol","₹739,699","₹16,454/month"," ₹50,000 OFF",Mumbai
2018 Maruti IGNIS,DELTA 1.2 K12 Manual,"12,811 km2nd OwnerPetrol","₹441,499","₹9,821/month"," ₹24,000 OFF",Mumbai
2015 Maruti Wagon R 1.0,LXI Manual,"57,492 km1st OwnerPetrol","₹328,999","₹7,318/month"," ₹30,000 OFF",Mumbai
2015 Maruti Alto 800,LXI CNG Manual,"61,386 km3rd OwnerPetrol + CNG","₹236,499","₹5,261/month"," ₹13,000 OFF",Mumbai
2018 Maruti S Cross,ALPHA SHVS Manual,"28,912 km1st OwnerDiesel","₹928,799","₹20,661/month"," ₹41,000 OFF",Mumbai
2018 Ford Ecosport,1.5 TITANIUM TI VCT Manual,"14,838 km1st OwnerPetrol","₹701,499","₹15,604/month"," ₹5,000 OFF",Mumbai
2018 Tata Hexa,Varicor 400 XTA Automatic,"39,905 km1st OwnerDiesel","₹1,355,199","₹30,146/month"," ₹5,000 OFF",Mumbai
2017 Hyundai Creta,1.6 SX PLUS AUTO PETROL Automatic,"31,602 km1st OwnerPetrol","₹1,061,399","₹23,610/month"," ₹37,000 OFF",Mumbai
2015 Maruti Swift,VXI Manual,"44,747 km1st OwnerPetrol","₹427,899","₹9,518/month"," ₹22,000 OFF",Mumbai
,,,,,,Mumbai
,,,,,,Mumbai
2019 Maruti Celerio,ZXI Manual,"6,559 km1st OwnerPetrol","₹511,199","₹11,371/month"," ₹17,000 OFF",Mumbai
2014 Honda Amaze,1.5 EMT I DTEC Manual,"57,348 km1st OwnerDiesel","₹396,899","₹8,829/month"," ₹21,000 OFF",Mumbai
2014 Maruti Swift,VDI Manual,"89,794 km1st OwnerDiesel","₹465,699","₹10,359/month"," ₹25,000 OFF",Mumbai
2017 Maruti Ertiga,ZDI PLUS SHVS Manual,"62,533 km1st OwnerDiesel","₹822,399","₹18,294/month"," ₹50,000 OFF",Mumbai
2015 Maruti Swift Dzire,VDI ABS Manual,"111,167 km2nd OwnerDiesel","₹500,099","₹11,124/month"," ₹11,000 OFF",Mumbai
2016 Hyundai Grand i10,SPORTZ 1.2 KAPPA VTVT Manual,"33,565 km2nd OwnerPetrol","₹414,099","₹9,211/month"," ₹22,000 OFF",Mumbai
2018 Honda WR-V,1.5 i-DTEC VX MT Manual,"37,639 km1st OwnerDiesel","₹756,599","₹16,830/month"," ₹50,000 OFF",Mumbai
2017 Maruti Wagon R 1.0,VXI Manual,"33,826 km1st OwnerPetrol","₹405,399","₹9,018/month"," ₹5,000 OFF",Mumbai
2013 Maruti Swift Dzire,ZXI 1.2 BS IV Manual,"39,859 km1st OwnerPetrol","₹416,299","₹9,260/month"," ₹22,000 OFF",Mumbai
2016 Honda Brio,1.2 S MT I VTEC Manual,"15,805 km1st OwnerPetrol","₹400,799","₹8,916/month"," ₹20,000 OFF",Mumbai
2015 Maruti Celerio,VXI Manual,"22,159 km1st OwnerPetrol","₹362,299","₹8,059/month"," ₹5,000 OFF",Mumbai
2018 Maruti IGNIS,ZETA 1.2 K12 AMT Automatic,"11,321 km1st OwnerPetrol","₹569,499","₹12,668/month"," ₹29,000 OFF",Mumbai
2018 Maruti Swift,ZXI AMT Automatic,"23,649 km1st OwnerPetrol","₹618,799","₹13,765/month"," ₹44,000 OFF",Mumbai
2019 Maruti Vitara Brezza,VDI Manual,"42,680 km1st OwnerDiesel","₹804,599","₹17,898/month"," ₹19,000 OFF",Mumbai
2017 Tata Nano,TWIST XTA Automatic,"41,959 km1st OwnerPetrol","₹225,799","₹5,023/month"," ₹12,000 OFF",Mumbai
2018 Maruti Vitara Brezza,ZDI AMT Automatic,"35,579 km1st OwnerDiesel","₹943,499","₹20,988/month"," ₹25,000 OFF",Mumbai
2017 Maruti Celerio,VXI Manual,"10,142 km1st OwnerPetrol","₹409,799","₹9,116/month"," ₹22,000 OFF",Mumbai
2020 Maruti S PRESSO,VXI Manual,"8,651 km1st OwnerPetrol","₹432,499","₹9,621/month"," ₹18,000 OFF",Mumbai
2017 Maruti Alto 800,LXI Manual,"15,575 km1st OwnerPetrol","₹313,799","₹6,980/month"," ₹5,000 OFF",Mumbai
2010 Hyundai i20,MAGNA O 1.2 Manual,"87,846 km2nd OwnerPetrol + CNG","₹163,299","₹3,632/month"," ₹39,880 OFF",Mumbai
,,,,,,Mumbai
,,,,,,Mumbai
2014 Honda Mobilio,1.5 S I DTEC Manual,"24,169 km1st OwnerDiesel","₹500,099","₹11,124/month"," ₹35,000 OFF",Mumbai
2017 Maruti Ertiga,VDI SHVS Manual,"93,844 km1st OwnerDiesel","₹757,699","₹16,855/month"," ₹32,000 OFF",Mumbai
2019 Maruti Swift,VDI Manual,"19,590 km1st OwnerDiesel","₹703,799","₹15,656/month"," ₹9,000 OFF",Mumbai
2019 Maruti Dzire,VXI Manual,"19,015 km1st OwnerPetrol","₹630,099","₹14,016/month"," ₹40,000 OFF",Mumbai
2018 Honda City,VX CVT PETROL Automatic,"17,138 km2nd OwnerPetrol","₹983,099","₹21,868/month"," ₹45,000 OFF",Mumbai
2018 Hyundai Eon,SPORTZ Manual,"5,701 km1st OwnerPetrol","₹363,999","₹8,097/month"," ₹20,000 OFF",Mumbai
2016 Hyundai Grand i10,SPORTZ 1.2 KAPPA VTVT Manual,"6,353 km1st OwnerPetrol","₹451,699","₹10,048/month"," ₹39,000 OFF",Mumbai
2017 Maruti Dzire,ZXI Manual,"37,024 km1st OwnerPetrol","₹562,099","₹12,504/month"," ₹50,000 OFF",Mumbai
2017 Maruti Baleno,DELTA 1.2 K12 Manual,"60,665 km2nd OwnerPetrol + CNG","₹532,299","₹11,841/month"," ₹26,000 OFF",Mumbai
